chris cornell	chris_cornell
richie cunninghams	richie_cunninghams
costa rica	costa_rica
glen stephenson	glen_stephenson
bipolar depression	bipolar_depression
beyond blue	beyond_blue
neurocardiogenic syncope	neurocardiogenic_syncope
mr. deadpool	mr._deadpool
grandy love	grandy_love
blue star	blue_star
mayo clinic	mayo_clinic
stephen fry	stephen_fry
robin williams	robin_williams
living longer living stronger	living_longer_living_stronger
chronic fatigue	chronic_fatigue
psych central	psych_central
john grohol	john_grohol
sleep disorders	sleep_disorders
monkey iq	monkey_iq
la bruja	la_bruja
rick simpson	rick_simpson
karey wong	karey_wong
jeddy wong	jeddy_wong
red robin	red_robin
richard grayson	richard_grayson
father time	father_time
jim carrey	jim_carrey
robert whitaker	robert_whitaker
ulf wiinberg	ulf_wiinberg
frank footer	frank_footer
antisocial personality disorder	antisocial_personality_disorder
asperger syndrome	asperger_syndrome
postpartum psychosis	postpartum_psychosis
vivien leigh	vivien_leigh
patty duke	patty_duke
ghost asylum	ghost_asylum
discovery science	discovery_science
sergei polunin	sergei_polunin
johnny galecki	johnny_galecki
cockneys versus zombies	cockneys_versus_zombies
madam tussauds	madam_tussauds
sanjay gupta	sanjay_gupta
paul michael glaser	paul_michael_glaser
david soul	david_soul
kelly halligan	kelly_halligan
my extreme stammer	my_extreme_stammer
sharp objects	sharp_objects
sky atlantic	sky_atlantic
amy adams	amy_adams
gillian flynn	gillian_flynn
camille preaker	camille_preaker
rumer willis	rumer_willis
jeffery patterson	jeffery_patterson
christina de rosa	christina_de_rosa
half magic	half_magic
sky cinema	sky_cinema
heather graham	heather_graham
angela kinsey	angela_kinsey
stephanie beatriz	stephanie_beatriz
sean fletcher	sean_fletcher
michael mosley	michael_mosley
gabriel weston	gabriel_weston
louis theroux	louis_theroux
extreme love	extreme_love
jason bull	jason_bull
hang ups	hang_ups
stephen mangan	stephen_mangan
richard pitt	richard_pitt
sex lies	sex_lies
love bites	love_bites
silver linings playbook	silver_linings_playbook
bradley cooper	bradley_cooper
robert de niro	robert_de_niro
richard todd	richard_todd
young sheldon	young_sheldon
bill prady	bill_prady
sky witness	sky_witness
alan cumming	alan_cumming
bojana novakovic	bojana_novakovic
night owls	night_owls
adam pally	adam_pally
rosa salazar	rosa_salazar
rob huebel	rob_huebel
hedy lamarr	hedy_lamarr
george brent	george_brent
paul lukas	paul_lukas
my strange addiction	my_strange_addiction
christian bale	christian_bale
willem dafoe	willem_dafoe
reese witherspoon	reese_witherspoon
patrick jane	patrick_jane
sophia lauren	sophia_lauren
degenerative disc disease	degenerative_disc_disease
ambien adivant	ambien_adivant
nicole arbour	nicole_arbour
nicole arbour ted	nicole_arbour_ted
father christmas	father_christmas
christmas eve	christmas_eve
delayed sleep phase syndrome	delayed_sleep_phase_syndrome
bean sídhe	bean_sídhe
sheri johnson	sheri_johnson
donald meltzer	donald_meltzer
miss piggy	miss_piggy
hey jude	hey_jude
bipolar disorder	bipolar_disorder
carers vic	carers_vic
russ harris	russ_harris
hydroxychloroquine sulphat	hydroxychloroquine_sulphat
phil wickham	phil_wickham
ravi zacharias	ravi_zacharias
great lakes	great_lakes
bipolar nos	bipolar_nos
seroquel xr	seroquel_xr
virtual hugs	virtual_hugs
vit b	vit_b
major depressive disorder	major_depressive_disorder
scott foley	scott_foley
native american	native_american
sans nom	sans_nom
steel trap status	steel_trap_status
google search	google_search
sarah myhill	sarah_myhill
physical illness	physical_illness
thomas edison	thomas_edison
helen keller	helen_keller
emilie autumn	emilie_autumn
johnny america	johnny_america
vitamin d	vitamin_d
wild coyote	wild_coyote
sebern fisher	sebern_fisher
henry cavill	henry_cavill
butrans patch	butrans_patch
st. johns wort	st._johns_wort
muai thai	muai_thai
honda cb100	honda_cb100
honda cb250	honda_cb250
ducati darmah	ducati_darmah
panic disorder	panic_disorder
social anxiety	social_anxiety
nurse unit	nurse_unit
little turtle	little_turtle
neurological symptoms	neurological_symptoms
b12 injections	b12_injections
thomas edisons	thomas_edisons
snow kissed angel	snow_kissed_angel
gordon marino	gordon_marino
sky news	sky_news
bernard sumner	bernard_sumner
scarlett johansson	scarlett_johansson
morgan freeman	morgan_freeman
horror channel	horror_channel
maria bello	maria_bello
frank grillo	frank_grillo
miranda hart	miranda_hart
patricia hodge	patricia_hodge
christine lucas	christine_lucas
nicole kidman	nicole_kidman
billion dollar deals	billion_dollar_deals
henry gadsden	henry_gadsden
danielle savre	danielle_savre
jefferson brown	jefferson_brown
mosquito squadron	mosquito_squadron
david mccallum	david_mccallum
suzanne neve	suzanne_neve
george shelley	george_shelley
giles yeo	giles_yeo
jimmy carr	jimmy_carr
nanny surveillance	nanny_surveillance
john kirkby	john_kirkby
johann hari	johann_hari
clinical depression forum	clinical_depression_forum
borderline personality	borderline_personality
mister roger	mister_roger
mr. graywolf	mr._graywolf
randy alcorn	randy_alcorn
peace corps	peace_corps
holsum im	holsum_im
ketamine infusions	ketamine_infusions
major depression	major_depression
rosie s	rosie_s
inner critic	inner_critic
borderline personality disorder	borderline_personality_disorder
seropositive rheumatoid arthritis	seropositive_rheumatoid_arthritis
mission australia	mission_australia
st vincent	st_vincent
medium chain tryglyserides	medium_chain_tryglyserides
fallen angel	fallen_angel
hughes syndrome	hughes_syndrome
lithium carbonate	lithium_carbonate
laura jane grace	laura_jane_grace
effexor xr	effexor_xr
archie andrews	archie_andrews
darth vader	darth_vader
woody woodpecker	woody_woodpecker
mick jagger	mick_jagger
mickey mouse	mickey_mouse
daisy duck	daisy_duck
pink panther	pink_panther
captain crunch	captain_crunch
serum bdnf	serum_bdnf
david lynch	david_lynch
risperdal consta	risperdal_consta
quirky quirky	quirky_quirky
cerner multum	cerner_multum
karen marie moning	karen_marie_moning
christopher robin	christopher_robin
muay thai	muay_thai
stephen king	stephen_king
sissy spacek	sissy_spacek
mr. star pupil	mr._star_pupil
salvation army	salvation_army
hepatic encephalopathy	hepatic_encephalopathy
thich nhat hanh	thich_nhat_hanh
lucy keep	lucy_keep
mild pcos	mild_pcos
pelvic floor	pelvic_floor
donnie darko	donnie_darko
michael phelps	michael_phelps
inner spock	inner_spock
marsha linehan	marsha_linehan
emotion regulation	emotion_regulation
matthew mckay	matthew_mckay
jeffrey c. wood	jeffrey_c._wood
jeffrey brantley	jeffrey_brantley
depression forums	depression_forums
eckhart tolle	eckhart_tolle
steve arterburn	steve_arterburn
paul meier	paul_meier
frank minirth	frank_minirth
joni e. tada	joni_e._tada
hydroxycut extreme	hydroxycut_extreme
xanax er	xanax_er
mary im	mary_im
vitamin e	vitamin_e
low energy	low_energy
happy holidaze	happy_holidaze
armour thyroid	armour_thyroid
joe kenda	joe_kenda
saw mil	saw_mil
severe atypical depression	severe_atypical_depression
quiet girl	quiet_girl
almighty god	almighty_god
ingmar bergman	ingmar_bergman
tegretol xr	tegretol_xr
latin america	latin_america
venlafaxine mr	venlafaxine_mr
effexor er	effexor_er
care team	care_team
girl scout cookies	girl_scout_cookies
thin mints	thin_mints
jordan peterson	jordan_peterson
las vegas	las_vegas
kaiser permanente	kaiser_permanente
disease control	disease_control
twin cities	twin_cities
alexader mcfarlane	alexader_mcfarlane
bessel a.	bessel_a.
alexander c. mcfarlane	alexander_c._mcfarlane
lars weisaeth	lars_weisaeth
laura mitchell	laura_mitchell
rachel boyd	rachel_boyd
amy winehouse	amy_winehouse
bojack horseman	bojack_horseman
pied piper	pied_piper
melodie beatty	melodie_beatty
amazon prime	amazon_prime
john wort	john_wort
lovely lee	lovely_lee
yummy chicken	yummy_chicken
awe lee	awe_lee
mind management	mind_management
chamberlain square	chamberlain_square
birchfield rd	birchfield_rd
birmingham mind	birmingham_mind
town hall	town_hall
council house	council_house
corn exchange	corn_exchange
royal concert hall	royal_concert_hall
milton keynes	milton_keynes
stadium mk	stadium_mk
curve theatre	curve_theatre
molineux stadium	molineux_stadium
park house	park_house
edgbaston park road	edgbaston_park_road
solihull mental health	solihull_mental_health
positive mental health group	positive_mental_health_group
birmingham lgbt health	birmingham_lgbt_health
liaison service	liaison_service
birmingham carers hub	birmingham_carers_hub
artist colin yates	artist_colin_yates
aston hall	aston_hall
claire leggett	claire_leggett
st. george�s centre	st._george�s_centre
georges road	georges_road
my world	my_world
stonham carers	stonham_carers
fazeley street	fazeley_street
charity status	charity_status
cambridge rd	cambridge_rd
autism central	autism_central
aston villa football club	aston_villa_football_club
villa park	villa_park
trinity road	trinity_road
pride park	pride_park
olympia way	olympia_way
london w14	london_w14
mindful living	mindful_living
fraud authority	fraud_authority
mersey care	mersey_care
van gogh	van_gogh
kirk douglass	kirk_douglass
benedict cumberbatch	benedict_cumberbatch
victor hugo	victor_hugo
charles dickens	charles_dickens
bravo flyersfan	bravo_flyersfan
derek prince	derek_prince
chronic migraine	chronic_migraine
chronic tension headache	chronic_tension_headache
hermicrania continua	hermicrania_continua
red bull	red_bull
terry wahls	terry_wahls
home start	home_start
jesus christ	jesus_christ
dissociative identity disorder	dissociative_identity_disorder
dependent personality disorder	dependent_personality_disorder
riba rage	riba_rage
zzzzz im	zzzzz_im
angel dust	angel_dust
smiling mind	smiling_mind
carb city	carb_city
tony wk	tony_wk
overt did	overt_did
covert did	covert_did
hurricane harvey	hurricane_harvey
tai chi	tai_chi
alexandra tudor	alexandra_tudor
walter cronkite	walter_cronkite
frank shorter	frank_shorter
food stamps	food_stamps
chronic fatigue syndrome	chronic_fatigue_syndrome
chemical sensitivity	chemical_sensitivity
esophageal squamous	esophageal_squamous
acute lymphoblastic leukemia	acute_lymphoblastic_leukemia
vascular dementia	vascular_dementia
low hdl	low_hdl
angle glaucoma	angle_glaucoma
multiple sclerosis	multiple_sclerosis
essential hypertension	essential_hypertension
differentiated thyroid carcinoma	differentiated_thyroid_carcinoma
heart attack	heart_attack
nitrous oxide toxicity	nitrous_oxide_toxicity
heart murmurs	heart_murmurs
tight anal sphincters	tight_anal_sphincters
tongue tie	tongue_tie
midline defects	midline_defects
ischemic stroke	ischemic_stroke
neurologic disease	neurologic_disease
john radcliffe	john_radcliffe
beverly hills	beverly_hills
andrei rublev	andrei_rublev
st john	st_john
joanna harnett	joanna_harnett
david kemp	david_kemp
charles sturt university	charles_sturt_university
c bourke	c_bourke
histamine intolerance	histamine_intolerance
steven ilandi	steven_ilandi
brad pitt	brad_pitt
angelina jolie	angelina_jolie
suzi owner	suzi_owner
frank turek	frank_turek
sister moon	sister_moon
johan hari	johan_hari
keith campbell	keith_campbell
aaron pincus	aaron_pincus
brett kavanaugh	brett_kavanaugh
clinical psychology	clinical_psychology
hello kitty	hello_kitty
butterfly wings	butterfly_wings
prof hughes	prof_hughes
hoover dam	hoover_dam
step dad	step_dad
laura ingalls wilder	laura_ingalls_wilder
adult lt	adult_lt
lewy body dementia	lewy_body_dementia
ruth graham	ruth_graham
billy graham	billy_graham
magna cum laude	magna_cum_laude
noah elkrief	noah_elkrief
james leeds	james_leeds
st james leeds	st_james_leeds
niagara falls	niagara_falls
gordon brown	gordon_brown
barrack obama	barrack_obama
brian cox	brian_cox
karl marx	karl_marx
slavoj zizek	slavoj_zizek
poopy doll	poopy_doll
ferrous sulphate	ferrous_sulphate
hashimotos thyroiditis	hashimotos_thyroiditis
mood disorder	mood_disorder
norman vincent peale	norman_vincent_peale
positive thinking	positive_thinking
spiritual e/c2	spiritual_e/c2
mass amino acids	mass_amino_acids
paranoid personality disorder	paranoid_personality_disorder
lithium er	lithium_er
wellbutrin sr	wellbutrin_sr
wellbutrin xl	wellbutrin_xl
schizoaffective disorder	schizoaffective_disorder
peter pan	peter_pan
clare weekes	clare_weekes
sakarya bill	sakarya_bill
every body	every_body
every mind	every_mind
chelsea handler	chelsea_handler
carpal tunnel syndrome	carpal_tunnel_syndrome
colleen fitzsimmons	colleen_fitzsimmons
pure o ocd	pure_o_ocd
baker acted	baker_acted
lichen planus	lichen_planus
pure o	pure_o
dale carnegie	dale_carnegie
mauna loa	mauna_loa
sotiris vandoros	sotiris_vandoros
allan young	allan_young
booster buddy	booster_buddy
nurse jenn	nurse_jenn
mark hyman	mark_hyman
brain haemorrhage	brain_haemorrhage
vit d	vit_d
chris steele	chris_steele
pubaok grandy	pubaok_grandy
milk thistle	milk_thistle
andrew soloman	andrew_soloman
frank gallagher	frank_gallagher
thomas orchard	thomas_orchard
simon colley	simon_colley
ian colley	ian_colley
alejandro cuenca	alejandro_cuenca
donna maxwell	donna_maxwell
soho house	soho_house
jocko willink	jocko_willink
storage wars	storage_wars
alice d. domar	alice_d._domar
quentin martin	quentin_martin
permanent af	permanent_af
ben brown	ben_brown
vit e	vit_e
vit d3	vit_d3
ross river virus	ross_river_virus
fourth lawthe	fourth_lawthe
vitamin b12	vitamin_b12
marilyn monroe	marilyn_monroe
life line	life_line
pernious anaemia	pernious_anaemia
face book	face_book
psychotic depression	psychotic_depression
florence nightingale	florence_nightingale
mixed anxiety disorder	mixed_anxiety_disorder
hep c	hep_c
anthony p. geraci	anthony_p._geraci
paul ekman	paul_ekman
buddy mack	buddy_mack
autism spectrum disorder	autism_spectrum_disorder
christ jesus	christ_jesus
jerry nelson	jerry_nelson
christy nockels	christy_nockels
daniel carson	daniel_carson
jesse reeves	jesse_reeves
kristian stanfill	kristian_stanfill
robin hood	robin_hood
justin bieber	justin_bieber
enoki zahlia	enoki_zahlia
michael scott	michael_scott
seroquel prn	seroquel_prn
major depressive	major_depressive
autistic disorder	autistic_disorder
kanye west	kanye_west
donald trump	donald_trump
kevin hines	kevin_hines
pilgrims progress	pilgrims_progress
pastor zac	pastor_zac
scott peck	scott_peck
post partum	post_partum
schizotypal personality disorder	schizotypal_personality_disorder
red nacional	red_nacional
staten island	staten_island
sexual assault	sexual_assault
schizoaffective bipolar	schizoaffective_bipolar
david d'cruz	david_d'cruz
advanz pharma	advanz_pharma
peter taylor	peter_taylor
lorraine williams	lorraine_williams
mane mushroom	mane_mushroom
paul stamets	paul_stamets
george gobel	george_gobel
wally cox	wally_cox
star trek	star_trek
exposure therapy	exposure_therapy
jimi hendrix	jimi_hendrix
charles beaudelaire	charles_beaudelaire
megan fox	megan_fox
anna nicole smith	anna_nicole_smith
smoky mountain	smoky_mountain
smokey robinson	smokey_robinson
panic attacks	panic_attacks
wynonna judd	wynonna_judd
jon bellion	jon_bellion
peter tosh	peter_tosh
collie buddz	collie_buddz
collie buddz	collie_buddz
love soull	love_soull
social anxiety disorder	social_anxiety_disorder
mixed connective tissue disease	mixed_connective_tissue_disease
gilmore girls	gilmore_girls
peter joachim	peter_joachim
ruok floss	ruok_floss
anxiety disorder	anxiety_disorder
chester zoo	chester_zoo
kaufmann kohler	kaufmann_kohler
ludwig blau	ludwig_blau
gehenna valley	gehenna_valley
mount zion	mount_zion
james version	james_version
rabbi david kimhi	rabbi_david_kimhi
hermann strack	hermann_strack
paul billerbeck	paul_billerbeck
lloyd r. bailey	lloyd_r._bailey
ketef hinnom	ketef_hinnom
geerhardus vosclick	geerhardus_vosclick
family guy	family_guy
doctor who	doctor_who
clara hughes	clara_hughes
nikita kruschev	nikita_kruschev
josef stalin	josef_stalin
blue shield	blue_shield
robert sapolsky	robert_sapolsky
idol worship	idol_worship
father god	father_god
lee waters	lee_waters
carers victoria	carers_victoria
alexander lowen	alexander_lowen
autogenic training	autogenic_training
transcrainial magenetic	transcrainial_magenetic
blue apron	blue_apron
jack henry abbott	jack_henry_abbott
dennis staker	dennis_staker
boadie w. dunlop	boadie_w._dunlop
simon rego	simon_rego
albert einstein school	albert_einstein_school
sarah altman	sarah_altman
tina walch	tina_walch
john whyte	john_whyte
st. john	st._john
john cusack	john_cusack
claire weekes	claire_weekes
body dysmorphic disorder	body_dysmorphic_disorder
atypical depression	atypical_depression
powerade zero	powerade_zero
blue horizon	blue_horizon
khan academy	khan_academy
malic acid	malic_acid
epson salts	epson_salts
foxy dog	foxy_dog
small wolf	small_wolf
electric shock	electric_shock
radioiodine treatment	radioiodine_treatment
ait boudaoud	ait_boudaoud
gordon stein	gordon_stein
nathan bailey	nathan_bailey
kevin engle	kevin_engle
la mariposa	la_mariposa
thyroid peroxidase	thyroid_peroxidase
lycra knicks	lycra_knicks
adrenal insufficiency	adrenal_insufficiency
synacthen test	synacthen_test
mary queen	mary_queen
diabetes listener	diabetes_listener
warwick medical school	warwick_medical_school
warwick trust	warwick_trust
schizoid pd	schizoid_pd
mike tyson	mike_tyson
jeffrey m. masson	jeffrey_m._masson
duck dynasty	duck_dynasty
rhonda byrnemagic	rhonda_byrnemagic
bruce banner	bruce_banner
sirius black	sirius_black
harry potter	harry_potter
death eaters	death_eaters
disabilities act	disabilities_act
steven wilson	steven_wilson
harley davidson	harley_davidson
maynard james keenan	maynard_james_keenan
type o negative	type_o_negative
xanax xr	xanax_xr
forfivo xl	forfivo_xl
cameron aiken	cameron_aiken
david burns	david_burns
alcohol use disorder	alcohol_use_disorder
james davies	james_davies
warren zevon	warren_zevon
lady mozzer	lady_mozzer
st. peter	st._peter
st. paul	st._paul
graham hughes	graham_hughes
brain frog	brain_frog
glenn howard	glenn_howard
david williams	david_williams
fish oil	fish_oil
sensory processing disorder	sensory_processing_disorder
jerry springer	jerry_springer
oscar wilde	oscar_wilde
joan lachkar	joan_lachkar
gottman relationship	gottman_relationship
martin sheen	martin_sheen
jurgen moltmann	jurgen_moltmann
sleep apnea	sleep_apnea
vitamin c	vitamin_c
louise l. hay	louise_l._hay
serum vit	serum_vit
serum folate	serum_folate
serum ferritin	serum_ferritin
st. francis	st._francis
neil hughes	neil_hughes
robinson crusoe	robinson_crusoe
eliza todd	eliza_todd
jonathan edwards	jonathan_edwards
speech pathologist	speech_pathologist
lyme disease	lyme_disease
mucuna pruriens	mucuna_pruriens
railway museum	railway_museum
eben alexander	eben_alexander
sean carroll	sean_carroll
aggressive type personality disorder	aggressive_type_personality_disorder
ben lee	ben_lee
john watkins	john_watkins
hedge fund	hedge_fund
chicken little	chicken_little
social awkwardness	social_awkwardness
marlene schneider potter	marlene_schneider_potter
summer rose	summer_rose
neil patrick harris	neil_patrick_harris
james corden	james_corden
gallway kinnell	gallway_kinnell
celine dion	celine_dion
richard marx	richard_marx
elander dale	elander_dale
brene brown	brene_brown
obsessive thought disorder	obsessive_thought_disorder
carter crocker	carter_crocker
mat larkin	mat_larkin
john lennon	john_lennon
search blue knot	search_blue_knot
john donne	john_donne
chronic depression	chronic_depression
def leppard	def_leppard
ralph klein	ralph_klein
marty krofft	marty_krofft
ben bova	ben_bova
larry niven	larry_niven
norman spinrad	norman_spinrad
david gerrold	david_gerrold
walter koenig	walter_koenig
lady lola	lady_lola
stuart smally	stuart_smally
karl popper	karl_popper
psych pa	psych_pa
elizabeth cp	elizabeth_cp
pudendal neuralgia	pudendal_neuralgia
cristin milioti	cristin_milioti
chem trails	chem_trails
ken gillman	ken_gillman
crohns disease	crohns_disease
cutaneous vasculitis	cutaneous_vasculitis
eric dave	eric_dave
james blond	james_blond
low dose naltrexone	low_dose_naltrexone
brian wilson	brian_wilson
tom petty	tom_petty
michael marin	michael_marin
john robbins	john_robbins
brooke goldner	brooke_goldner
autoimmune disease	autoimmune_disease
nicole s.	nicole_s.
pulmonary nocardia	pulmonary_nocardia
ben goldacre	ben_goldacre
elisabeth rosenthal	elisabeth_rosenthal
terry gross	terry_gross
sweet potatoes	sweet_potatoes
dave pelzer	dave_pelzer
monica aggarwal	monica_aggarwal
super juice me	super_juice_me
jason vale	jason_vale
joe cross	joe_cross
joseph share hope	joseph_share_hope
share hope	share_hope
rheumatoid arthritis	rheumatoid_arthritis
stress reduction	stress_reduction
douglas lisle	douglas_lisle
neal barnard	neal_barnard
colin campbell	colin_campbell
caldwell esselstyn	caldwell_esselstyn
john mcdougall	john_mcdougall
michael klaper	michael_klaper
michael greger	michael_greger
robert coughlan	robert_coughlan
bells palsy	bells_palsy
orpheo nick drake	orpheo_nick_drake
elliott smith	elliott_smith
sufjan stevens	sufjan_stevens
bon iver	bon_iver
inogen one g3	inogen_one_g3
edith piaf	edith_piaf
judy garland	judy_garland
jens stoltenberg	jens_stoltenberg
christian initiation	christian_initiation
elton john	elton_john
sweet fa	sweet_fa
ken blanchard	ken_blanchard
jimmy buffet	jimmy_buffet
mild centrilobular emphysema	mild_centrilobular_emphysema
hotel transylvania	hotel_transylvania
pete walker	pete_walker
elliot rodger	elliot_rodger
lee silverman	lee_silverman
santa claus	santa_claus
urgent care	urgent_care
vitamin c-	vitamin_c-
ryan lewis	ryan_lewis
carbidopa levodopa	carbidopa_levodopa
penny brohn	penny_brohn
tristram shandy	tristram_shandy
david perlmutter	david_perlmutter
barry allen	barry_allen
carmine infantino	carmine_infantino
martin freeman	martin_freeman
john watson	john_watson
misha collins	misha_collins
jan brady	jan_brady
gullaine barre	gullaine_barre
pizza king	pizza_king
post traumatic stress disorder	post_traumatic_stress_disorder
dante carver	dante_carver
abu grahib	abu_grahib
nippon kaigi	nippon_kaigi
uyoku dantai	uyoku_dantai
yasukuni shrine	yasukuni_shrine
ayako sono	ayako_sono
andrzej łobaczewski	andrzej_łobaczewski
david graeber	david_graeber
chalmers johnson	chalmers_johnson
david katz	david_katz
david cameron	david_cameron
callum mcphee	callum_mcphee
hassan mustafar	hassan_mustafar
khalid yousef	khalid_yousef
dan collins	dan_collins
kensington avenue	kensington_avenue
trevor finnerty	trevor_finnerty
ceara thacker	ceara_thacker
ruth davidson	ruth_davidson
ripon rd	ripon_rd
albion road	albion_road
trump anxiety disorder	trump_anxiety_disorder
fox news	fox_news
robert mueller	robert_mueller
equal health	equal_health
norman wisdom	norman_wisdom
danny devito	danny_devito
saint nick	saint_nick
jiu jutsu	jiu_jutsu
times new roman	times_new_roman
ram dass	ram_dass
mount vesuvius	mount_vesuvius
pain concern	pain_concern
jeez louise	jeez_louise
bertand russell	bertand_russell
stardew valley	stardew_valley
vitamin d3	vitamin_d3
adolf hitler	adolf_hitler
michael schofield	michael_schofield
rebecca alexander	rebecca_alexander
robert hoge quote	robert_hoge_quote
daniela di toro	daniela_di_toro
blake bauer	blake_bauer
mel wells	mel_wells
sarah edelman	sarah_edelman
epstein barr	epstein_barr
stress disorder	stress_disorder
delta dog	delta_dog
michael j	michael_j
fleetwood mac	fleetwood_mac
blue october	blue_october
coca cola	coca_cola
crisis textline	crisis_textline
kahlil gibran	kahlil_gibran
kay jamison redfield	kay_jamison_redfield
martha beck	martha_beck
bug hugs	bug_hugs
chris williams	chris_williams
dissociative disorder	dissociative_disorder
counter productive	counter_productive
linkin park	linkin_park
daisy g	daisy_g
yngwie malmsteen	yngwie_malmsteen
bird dancer	bird_dancer
lupus uk	lupus_uk
red red wine	red_red_wine
lawrence wallace	lawrence_wallace
safari dan	safari_dan
alejandra pizarnik	alejandra_pizarnik
black mirror	black_mirror
brain fog	brain_fog
mark buchfuhrer	mark_buchfuhrer
partum depression	partum_depression
hodgkins lymphoma	hodgkins_lymphoma
tim ferriss	tim_ferriss
bicarb soda	bicarb_soda
doki doki	doki_doki
black pudding	black_pudding
hash browns	hash_browns
brown sauce	brown_sauce
alfred tennyson	alfred_tennyson
joe dispenza	joe_dispenza
steven universe	steven_universe
ruby wax	ruby_wax
anne landers	anne_landers
ann landers	ann_landers
legacy code	legacy_code
machine learning	machine_learning
sam rodgers	sam_rodgers
woody allen	woody_allen
zig ziglar	zig_ziglar
mark cummings	mark_cummings
j. l.	j._l.
notre dame	notre_dame
alan turing	alan_turing
anxiety uk	anxiety_uk
environ geochem health	environ_geochem_health
marsha lineham	marsha_lineham
sheridan smith	sheridan_smith
kerry condon	kerry_condon
nina sosanya	nina_sosanya
eileen walsh	eileen_walsh
bridget jones	bridget_jones
gabor mate	gabor_mate
la la la	la_la_la
demi x	demi_x
van rijn	van_rijn
alan myers	alan_myers
sylvia plath	sylvia_plath
le dude	le_dude
richard exley	richard_exley
mark v	mark_v
mekeep smyelin	mekeep_smyelin
stefan molyneux	stefan_molyneux
risperdal prn	risperdal_prn
patty loveless	patty_loveless
david bowie	david_bowie
sporadic fatal insomnia	sporadic_fatal_insomnia
mr. kane	mr._kane
electro stimulation	electro_stimulation
electro shock	electro_shock
bob beck	bob_beck
keith richards	keith_richards
eric clapton	eric_clapton
pete townsend	pete_townsend
isa jett	isa_jett
love lee	love_lee
supper men	supper_men
holy basil	holy_basil
shattered mind	shattered_mind
henry steinway	henry_steinway
lao tzu	lao_tzu
irwin naturals	irwin_naturals
zig zagler	zig_zagler
kentucky fried	kentucky_fried
mount edna	mount_edna
wendy maltz	wendy_maltz
harper collins publishers	harper_collins_publishers
serenity prayer	serenity_prayer
melancholic depression	melancholic_depression
la dispute	la_dispute
joni mitchell	joni_mitchell
paul tonywk	paul_tonywk
bill gates	bill_gates
temple grandin	temple_grandin
carrie fisher	carrie_fisher
scott fitzgerald	scott_fitzgerald
barbara streisand	barbara_streisand
cousin billy	cousin_billy
carrie white	carrie_white
cosy stripe	cosy_stripe
aaron beck	aaron_beck
michael pollana	michael_pollana
peter hendricks	peter_hendricks
dacher keltner	dacher_keltner
timothy leary	timothy_leary
robert frost	robert_frost
manic depression	manic_depression
bipolar affective disorder	bipolar_affective_disorder
kuala lumpur	kuala_lumpur
amy stein	amy_stein
johnny english	johnny_english
irritable bowel syndrome	irritable_bowel_syndrome
susanne moser	susanne_moser
kari norgaard	kari_norgaard
george mason university center	george_mason_university_center
john doe	john_doe
villa kotkot	villa_kotkot
matt s	matt_s
charlie brown	charlie_brown
tia maria	tia_maria
anti thyroidperoxidase	anti_thyroidperoxidase
malcom x	malcom_x
andy warhol	andy_warhol
kanya west	kanya_west
regina george	regina_george
akane chiyo	akane_chiyo
kay redfield jamieson	kay_redfield_jamieson
carl jung	carl_jung
carla reed	carla_reed
beti george	beti_george
colli david	colli_david
david parry-jones	david_parry-jones
dane dehaan	dane_dehaan
mia goth	mia_goth
jason isaacs	jason_isaacs
sonya walger	sonya_walger
ben bass	ben_bass
penny johnson jerald	penny_johnson_jerald
doctor claire finn	doctor_claire_finn
michael kitchen	michael_kitchen
phyllida law	phyllida_law
nicholas woodeson	nicholas_woodeson
gentle peppy	gentle_peppy
walter mitty	walter_mitty
gerhard baudy	gerhard_baudy
invega sustenna	invega_sustenna
schizoid personality disorder	schizoid_personality_disorder
boarderline personality disorder	boarderline_personality_disorder
basica compact	basica_compact
humpty dumpty	humpty_dumpty
cape town	cape_town
clinical psychiatry	clinical_psychiatry
alternative medicine	alternative_medicine
frances hi	frances_hi
ruby ridge	ruby_ridge
isaac newton	isaac_newton
grandy floss	grandy_floss
heak ive	heak_ive
mel rowe	mel_rowe
rudolf hoermann	rudolf_hoermann
peter warmingham	peter_warmingham
mark twain	mark_twain
pubok grandy	pubok_grandy
ellie x	ellie_x
sir richard branson	sir_richard_branson
jamie oliver	jamie_oliver
mrs d. sueeties	mrs_d._sueeties
jennifer lawrence	jennifer_lawrence
alkaline phosphatase	alkaline_phosphatase
david platt	david_platt
grandy peace	grandy_peace
les brown	les_brown
ohhh grandy	ohhh_grandy
john mcmanamy	john_mcmanamy
melody moezzi	melody_moezzi
andy behrman	andy_behrman
electro boy	electro_boy
julie fast	julie_fast
james phelps	james_phelps
kay redfield jamison	kay_redfield_jamison
j. cole	j._cole
doctor claire weekes	doctor_claire_weekes
nhat hanh	nhat_hanh
bonnie raitt	bonnie_raitt
edzard ernst	edzard_ernst
charles awortwe	charles_awortwe
taiyo masuda	taiyo_masuda
kirsty neilson	kirsty_neilson
jacki short	jacki_short
marc levingston	marc_levingston
martyn hooper	martyn_hooper
marcus arelius	marcus_arelius
obsessive compulsive disorder	obsessive_compulsive_disorder
binge eating disorder	binge_eating_disorder
impulse control	impulse_control
bipolar ii disorder	bipolar_ii_disorder
antiphospholipid syndrome	antiphospholipid_syndrome
rick joyner	rick_joyner
amanda woods	amanda_woods
cameron diaz	cameron_diaz
iris simpkins	iris_simpkins
jack black	jack_black
jon richardson	jon_richardson
lucy beaumont	lucy_beaumont
good will hunting	good_will_hunting
matt damon	matt_damon
ben affleck	ben_affleck
minnie driver	minnie_driver
stellan skarsgard	stellan_skarsgard
alan bennett	alan_bennett
maggie smith	maggie_smith
alex jennings	alex_jennings
roger allam	roger_allam
jim broadbent	jim_broadbent
richard burton	richard_burton
jodie foster	jodie_foster
anthony hopkins	anthony_hopkins
undercover history	undercover_history
kaili vernoff	kaili_vernoff
john nash	john_nash
mel gibson	mel_gibson
inside out	inside_out
david koresh	david_koresh
alex cross	alex_cross
autumn j	autumn_j
purple haze	purple_haze
tony testa	tony_testa
zooey deschanel	zooey_deschanel
avalon myst	avalon_myst
mary jane	mary_jane
deja vu	deja_vu
disorientation fear	disorientation_fear
diarrhea difficulty	diarrhea_difficulty
calamine lotion	calamine_lotion
epsom salt	epsom_salt
herpes zoster	herpes_zoster
david tanton	david_tanton
low bp	low_bp
jack nicholson	jack_nicholson
gothic romance	gothic_romance
paul just	paul_just
walsh institute	walsh_institute
jennifer michael hecht	jennifer_michael_hecht
health unlocked	health_unlocked
pernicious anemia	pernicious_anemia
b12 deficiency	b12_deficiency
b12 deficency	b12_deficency
henry cloud	henry_cloud
adam curtis	adam_curtis
rodney lowther-harris	rodney_lowther-harris
john caudwell	john_caudwell
venue tbc	venue_tbc
park inn	park_inn
old town hall	old_town_hall
langley banqueting suite	langley_banqueting_suite
love birmingham	love_birmingham
sofiah thom	sofiah_thom
body arts	body_arts
putney ethical	putney_ethical
solihull mental health nhs	solihull_mental_health_nhs
steve gillard	steve_gillard
isabella goldie	isabella_goldie
jayasree kalathil	jayasree_kalathil
anu singh	anu_singh
mike slade	mike_slade
manoj kumar	manoj_kumar
kwame mckenzie	kwame_mckenzie
jasna russo	jasna_russo
mark hopfenbeck	mark_hopfenbeck
jenny edwards	jenny_edwards
nottinghamshire healthcare	nottinghamshire_healthcare
triumph road	triumph_road
gunton hall	gunton_hall
marks tey village	marks_tey_village
station road	station_road
bentley turbos	bentley_turbos
jon lovitz	jon_lovitz
sarah silverman	sarah_silverman
john hopkins medicine	john_hopkins_medicine
san jose	san_jose
mind over marathon	mind_over_marathon
venlafaxine ir	venlafaxine_ir
post grad	post_grad
vitamin b	vitamin_b
patagonian cactus juice	patagonian_cactus_juice
social media	social_media
maharaji prem rawat	maharaji_prem_rawat
john denver	john_denver
joe wicks	joe_wicks
johns wort oil	johns_wort_oil
joel osteen	joel_osteen
tyler jones	tyler_jones
danielle lloyd	danielle_lloyd
cannon hill park	cannon_hill_park
birmingham b12	birmingham_b12
mercure centre	mercure_centre
dolphin hotel	dolphin_hotel
premier inn	premier_inn
theatre severn	theatre_severn
erdington high street	erdington_high_street
birmingham b30	birmingham_b30
slade road	slade_road
natalie willetts	natalie_willetts
uffculme centre	uffculme_centre
colchester mind body spirit	colchester_mind_body_spirit
jemma stone	jemma_stone
queensbridge road	queensbridge_road
croftdown rd	croftdown_rd
bertram st	bertram_st
gillie gilbert	gillie_gilbert
health wellbeing expo	health_wellbeing_expo
aberavon leisure	aberavon_leisure
port talbot	port_talbot
woodbridge mind body spirit	woodbridge_mind_body_spirit
early bird	early_bird
gaunts house	gaunts_house
vital danza	vital_danza
mario marrone	mario_marrone
nicola diamond	nicola_diamond
richard stevens	richard_stevens
isabella florschutz	isabella_florschutz
helen dakini thatcher	helen_dakini_thatcher
angelika kali pathe	angelika_kali_pathe
markus utrio	markus_utrio
catherine mcinerney	catherine_mcinerney
miko horiguchi	miko_horiguchi
livia cruz montes	livia_cruz_montes
ian thorpe	ian_thorpe
miley cyrus	miley_cyrus
scooby doo	scooby_doo
harvey weinstein	harvey_weinstein
hirotaka lee	hirotaka_lee
richard matthews	richard_matthews
jaquaia strugglingmum	jaquaia_strugglingmum
robert harris	robert_harris
viktor frankl	viktor_frankl
anti ro	anti_ro
self control	self_control
rudolf steiner	rudolf_steiner
awe chili	awe_chili
queen margaret	queen_margaret
holy spirit	holy_spirit
christopher reeve	christopher_reeve
jane seymour	jane_seymour
peter breggin	peter_breggin
donna williams	donna_williams
red dead	red_dead
niles eldredge	niles_eldredge
gees grandy	gees_grandy
sam vaknin	sam_vaknin
fairy lucretia	fairy_lucretia
bette davies	bette_davies
carers nsw	carers_nsw
jimmy barnes	jimmy_barnes
irene iesu	irene_iesu
lenore mckenzie	lenore_mckenzie
starship troopers	starship_troopers
rick berman	rick_berman
fr mike schmitz	fr_mike_schmitz
will chang	will_chang
echart tolle	echart_tolle
neale donald walsch	neale_donald_walsch
mark manson	mark_manson
pueblo colorado	pueblo_colorado
muhammad ali	muhammad_ali
natalie meyer	natalie_meyer
spark joy	spark_joy
elizabeth araujo	elizabeth_araujo
saint theophan	saint_theophan
margie null	margie_null
grumpy cat	grumpy_cat
michael pollan	michael_pollan
hobby lobby	hobby_lobby
vince matlo	vince_matlo
wal mart	wal_mart
tara grinyer	tara_grinyer
george freeman	george_freeman
laura beal	laura_beal
michael jamieson	michael_jamieson
sara cox	sara_cox
anthony collins	anthony_collins
afghan road	afghan_road
birmingham b5	birmingham_b5
suffolk mind	suffolk_mind
kingston upon thames	kingston_upon_thames
marryat hall	marryat_hall
catherine bell	catherine_bell
sarehole mill	sarehole_mill
cole bank road	cole_bank_road
bodelwyddan castle	bodelwyddan_castle
kelmarsh hall	kelmarsh_hall
croton venue	croton_venue
centre call	centre_call
martha washington	martha_washington
james fallon	james_fallon
johnny storm	johnny_storm
chris evans	chris_evans
captain america	captain_america
brown sugar	brown_sugar
pubok gwandy	pubok_gwandy
anthony kendrick	anthony_kendrick
west wood	west_wood
jim jones	jim_jones
santa clara	santa_clara
rick smalley	rick_smalley
thunder bow	thunder_bow
beth fisher	beth_fisher
allan d. wu	allan_d._wu
giselle petzinger	giselle_petzinger
tom hanks	tom_hanks
betty spaghetti	betty_spaghetti
jean paul sartre	jean_paul_sartre
sanchita islam	sanchita_islam
debbie downer	debbie_downer
buzz killington	buzz_killington
john poole	john_poole
dorothy perkins	dorothy_perkins
james bay	james_bay
zacharie etienne	zacharie_etienne
julia ross	julia_ross
elaine n. aron	elaine_n._aron
kim kardashian	kim_kardashian
simon cowel	simon_cowel
thomas szasz	thomas_szasz
david stoop	david_stoop
victor frankl	victor_frankl
ravi zaccharias	ravi_zaccharias
chris thirmin	chris_thirmin
clayton king	clayton_king
valerie hoover	valerie_hoover
hank williams	hank_williams
alex dolgov	alex_dolgov
gretchen rubin	gretchen_rubin
ratvan dis	ratvan_dis
david d. burns	david_d._burns
marilyn k	marilyn_k
paxil cr	paxil_cr
john whoops	john_whoops
norma jean baker	norma_jean_baker
jason tandro	jason_tandro
lynn x	lynn_x
haruki murakami	haruki_murakami
blue bird	blue_bird
professor graham hughes	professor_graham_hughes
avril lavigne	avril_lavigne
mrs d	mrs_d
johnny cash	johnny_cash
nine inch nails	nine_inch_nails
john piper	john_piper
papa smurf	papa_smurf
peter green	peter_green
billy madison	billy_madison
adam sandler	adam_sandler
steve buscemi	steve_buscemi
robert louis stevenson	robert_louis_stevenson
angel grandy	angel_grandy
dalai lama	dalai_lama
desmond tutu	desmond_tutu
jack built	jack_built
matt dillon	matt_dillon
von trier	von_trier
thomas vinterberg	thomas_vinterberg
helena bonham carter	helena_bonham_carter
paul bettany	paul_bettany
peter aalbæk jensen	peter_aalbæk_jensen
charlotte gainsbourg	charlotte_gainsbourg
kirsten dunst	kirsten_dunst
stephen hawking	stephen_hawking
richard wurmbrand	richard_wurmbrand
antiochus epiphanes	antiochus_epiphanes
isaac arthur	isaac_arthur
mastic gum	mastic_gum
brenda davis	brenda_davis
dean ornish	dean_ornish
grain brain	grain_brain
brain maker	brain_maker
david carbonnel	david_carbonnel
jerry sandusky	jerry_sandusky
peyton place	peyton_place
bipolar schizoaffective disorder	bipolar_schizoaffective_disorder
jessica lange	jessica_lange
tom wilkinson	tom_wilkinson
wolfgang amadeus mozart	wolfgang_amadeus_mozart
stephen jay gould	stephen_jay_gould
doug kauffman	doug_kauffman
kati morton	kati_morton
vitamin d.	vitamin_d.
dirty harry	dirty_harry
ergo lite	ergo_lite
vicks vaporub	vicks_vaporub
citroen picasso	citroen_picasso
mr. roboto	mr._roboto
tony saghbini	tony_saghbini
tim horton	tim_horton
kristen neff	kristen_neff
stephen iliardi	stephen_iliardi
gorilla glue	gorilla_glue
angel howerton	angel_howerton
james smith	james_smith
grace gems	grace_gems
john newton	john_newton
geoff thanks	geoff_thanks
morneau shepell	morneau_shepell
rose garden park	rose_garden_park
mac quayle	mac_quayle
acelye cysteine	acelye_cysteine
adnan rashid	adnan_rashid
david wood	david_wood
ibn ishaq	ibn_ishaq
bani zuraiq	bani_zuraiq
james white	james_white
zakir hussain	zakir_hussain
shabir ally	shabir_ally
osama abdallah	osama_abdallah
ibn isaq	ibn_isaq
sunan abu	sunan_abu
abdullah ibn abbas	abdullah_ibn_abbas
abu dawud	abu_dawud
abu talib	abu_talib
ibn abbaas	ibn_abbaas
elon musk	elon_musk
mr. lucky	mr._lucky
james grohol	james_grohol
daniel j. wallace	daniel_j._wallace
piggly wiggly	piggly_wiggly
job corp	job_corp
bella xo	bella_xo
saint lucifer	saint_lucifer
chaplain david	chaplain_david
martyn hooperhas	martyn_hooperhas
sally pacholok	sally_pacholok
hellen keller	hellen_keller
endo robinson	endo_robinson
st johns wort	st_johns_wort
johns wort	johns_wort
ferrous fumerate	ferrous_fumerate
vit b12	vit_b12
hee hee	hee_hee
judith herman	judith_herman
rod stewart	rod_stewart
kazimierz dąbrowski	kazimierz_dąbrowski
prof ian jones	prof_ian_jones
focalin xr	focalin_xr
alex de minaur	alex_de_minaur
rafa nadal	rafa_nadal
elisabeth kessler	elisabeth_kessler
chris val tulleken	chris_val_tulleken
manbo sallie	manbo_sallie
gaëlle regnier	gaëlle_regnier
neil young	neil_young
victor frankenstein	victor_frankenstein
slaughter pact	slaughter_pact
led zepplin	led_zepplin
taylor swift	taylor_swift
tommy lee jones	tommy_lee_jones
chai hu shu gan	chai_hu_shu_gan
vitamins d	vitamins_d
father abraham	father_abraham
elizabeth auvert eason	elizabeth_auvert_eason
sister rosetta	sister_rosetta
sister bonita	sister_bonita
annabelle eason	annabelle_eason
melissa eason	melissa_eason
jacob marley	jacob_marley
emily fox seaton	emily_fox_seaton
greg bahnsen	greg_bahnsen
william lane craig	william_lane_craig
nick vujicic	nick_vujicic
dorothy rowe	dorothy_rowe
erich fromm	erich_fromm
carl rogers	carl_rogers
bruce springsteen	bruce_springsteen
dawn french	dawn_french
hubble telescope	hubble_telescope
fred penzel	fred_penzel
mr. peabody	mr._peabody
dudley do-right	dudley_do-right
edward everett horton	edward_everett_horton
carol d	carol_d
darlene michaud	darlene_michaud
susan cain	susan_cain
bob dylan	bob_dylan
zolpidem er	zolpidem_er
albert einstein	albert_einstein
jason iv	jason_iv
cindy kimberly	cindy_kimberly
mrs doolsy	mrs_doolsy
grandy hi	grandy_hi
james gandolfini	james_gandolfini
oliver james	oliver_james
drew westen	drew_westen
benjamin franklin	benjamin_franklin
ryan seacrest	ryan_seacrest
serum lh	serum_lh
peter kramer	peter_kramer
katerina dalton	katerina_dalton
osher günsberg	osher_günsberg
hypo t	hypo_t
st. georges centre	st._georges_centre
data science	data_science
anthony bourdain	anthony_bourdain
super bowl	super_bowl
john baker	john_baker
wolf corpse	wolf_corpse
mr. bighead	mr._bighead
major depression disorder	major_depression_disorder
carbadopa levadopa	carbadopa_levadopa
cronic fatigue	cronic_fatigue
david tennant	david_tennant
matt smith	matt_smith
gary null	gary_null
bob d	bob_d
boca raton	boca_raton
anxiety free	anxiety_free
david carbonell	david_carbonell
matthew mckay phd	matthew_mckay_phd
edmund j. bourne	edmund_j._bourne
louise hay	louise_hay
tardive dyskinesia	tardive_dyskinesia
sebastian junger	sebastian_junger
archibald hart	archibald_hart
kurt cobain	kurt_cobain
jack skellington	jack_skellington
edward sharpe	edward_sharpe
susan wise bauer	susan_wise_bauer
magnesium citrate	magnesium_citrate
drum circle	drum_circle
celexa or	celexa_or
atrial tachycardia	atrial_tachycardia
daniel blake	daniel_blake
psycho pete	psycho_pete
christopher meloni	christopher_meloni
mariska hargitay	mariska_hargitay
noah baumbach	noah_baumbach
ben stiller	ben_stiller
naomi watts	naomi_watts
adam driver	adam_driver
amanda seyfried	amanda_seyfried
twelve monkeys	twelve_monkeys
nathan williams	nathan_williams
katy perry	katy_perry
kathryn hudson	kathryn_hudson
joe budden	joe_budden
tee grizzley	tee_grizzley
levi bellfield	levi_bellfield
milly dowler	milly_dowler
jim savile	jim_savile
john motson	john_motson
michael bogart	michael_bogart
mark schiller	mark_schiller
paul fink	paul_fink
jan eastgate	jan_eastgate
truth ruok	truth_ruok
dima qato	dima_qato
clark kent	clark_kent
donna summer	donna_summer
bill withers	bill_withers
folsom prison blues	folsom_prison_blues
massive attack	massive_attack
marsha b. linehan	marsha_b._linehan
st. patrick	st._patrick
michael jordan	michael_jordan
sante fe nm	sante_fe_nm
stupid ed	stupid_ed
dumb ed	dumb_ed
black dog	black_dog
star wars	star_wars
josh radnor	josh_radnor
jennie cannabidiol	jennie_cannabidiol
corn pops	corn_pops
chester bennington	chester_bennington
annie grace	annie_grace
alcohol free forever	alcohol_free_forever
paulo coelho	paulo_coelho
daniel amos	daniel_amos
decay marilyn manson	decay_marilyn_manson
sistine chapel	sistine_chapel
sebastian johnston	sebastian_johnston
james st. patrick	james_st._patrick
fibromyalgia syndrome	fibromyalgia_syndrome
black eyed susan	black_eyed_susan
john hopkins	john_hopkins
thyroid hormone resistance	thyroid_hormone_resistance
unipolar depression	unipolar_depression
paul d. maher	paul_d._maher
rick warren	rick_warren
bruno klepler	bruno_klepler
phillp west	phillp_west
nurse jen	nurse_jen
patricia quinn	patricia_quinn
john ratey	john_ratey
frieda hughes	frieda_hughes
maggie gyllenhaal	maggie_gyllenhaal
dann florek	dann_florek
ted hughes	ted_hughes
gwyneth paltrow	gwyneth_paltrow
daniel craig	daniel_craig
jared harris	jared_harris
amira casar	amira_casar
hawaii five	hawaii_five
yom kippur	yom_kippur
sharon stark	sharon_stark
barrister robert rinder	barrister_robert_rinder
janet leigh	janet_leigh
marion crane	marion_crane
twilight zone	twilight_zone
ryan white	ryan_white
zoe laughlin	zoe_laughlin
vince vaughn	vince_vaughn
malin akerman	malin_akerman
jon favreau	jon_favreau
jason bateman	jason_bateman
steve conte	steve_conte
byron richards	byron_richards
tuum est	tuum_est
friedrich nietzsche	friedrich_nietzsche
monica ramirez basco	monica_ramirez_basco
john m. grohol	john_m._grohol
cruse bereavement care	cruse_bereavement_care
douglas adams	douglas_adams
beck depression inventory	beck_depression_inventory
stack overflow	stack_overflow
johnny depp	johnny_depp
madison wi	madison_wi
fairy lu	fairy_lu
arlo guthrie	arlo_guthrie
pacific northwest	pacific_northwest
polymyalgia rheumatica	polymyalgia_rheumatica
lee magic mandy	lee_magic_mandy
floss very	floss_very
whereas tom	whereas_tom
frank zappa	frank_zappa
dominic republic	dominic_republic
holy lands	holy_lands
gary chapman	gary_chapman
evel knievel	evel_knievel
lithium serotonin	lithium_serotonin
aloe vera	aloe_vera
anti social personality disorder	anti_social_personality_disorder
kahlua awyis	kahlua_awyis
martin luther	martin_luther
andy stanley	andy_stanley
kristin neff	kristin_neff
louis barron	louis_barron
guy winch	guy_winch
sharon salzberg	sharon_salzberg
dexedrine spansule	dexedrine_spansule
agent orange	agent_orange
mother teresa	mother_teresa
ralph waldo emerson	ralph_waldo_emerson
dick sutphen	dick_sutphen
venus flower	venus_flower
anorexia nervosa	anorexia_nervosa
fluffy duck	fluffy_duck
gary van warmerdam	gary_van_warmerdam
lithium orotate	lithium_orotate
jungle book	jungle_book
alan moore	alan_moore
barrier maiden	barrier_maiden
tom waits	tom_waits
thirty shades	thirty_shades
jim phelps	jim_phelps
soft bipolar disorder	soft_bipolar_disorder
vitamin b3	vitamin_b3
magnesium glycinate	magnesium_glycinate
folic acid	folic_acid
christian andersen	christian_andersen
gluten intolerance	gluten_intolerance
george best	george_best
dixon wrightthe	dixon_wrightthe
george michaeli	george_michaeli
bob marley	bob_marley
gina pera	gina_pera
arko royal	arko_royal
emma watson	emma_watson
suzi paula	suzi_paula
shane w	shane_w
daniel g. amen	daniel_g._amen
brunswick street	brunswick_street
grandy lee	grandy_lee
young m.a.	young_m.a.
jonathan ross	jonathan_ross
elwood p dowd	elwood_p_dowd
james stewart	james_stewart
agatha christie	agatha_christie
mariah carey	mariah_carey
dirk bogarde	dirk_bogarde
alexander knox	alexander_knox
alexis smith	alexis_smith
billie whitelaw	billie_whitelaw
savid javid	savid_javid
tony hancock	tony_hancock
corey taylor	corey_taylor
abraham lincoln	abraham_lincoln
benson jr	benson_jr
stephen douglass	stephen_douglass
david donald	david_donald
bennett forced	bennett_forced
stevens fredrick douglass	stevens_fredrick_douglass
mary todd	mary_todd
elizabeth edwards lincolns	elizabeth_edwards_lincolns
john stuart	john_stuart
abe lincoln	abe_lincoln
julius caesar	julius_caesar
marcus brutus	marcus_brutus
anthony james rummel	anthony_james_rummel
huckleberry finn	huckleberry_finn
vit k	vit_k
veg epa	veg_epa
churg strauss syndrome	churg_strauss_syndrome
cerebellar ataxia	cerebellar_ataxia
dalcroze eurythmics	dalcroze_eurythmics
prof daniel smith	prof_daniel_smith
prof smith	prof_smith
charles whitfield	charles_whitfield
coenzyme q10	coenzyme_q10
john stein	john_stein
amino acids	amino_acids
blood test	blood_test
martin budd	martin_budd
eric osansky	eric_osansky
honiton steam rally	honiton_steam_rally
lee p.s	lee_p.s
mum annie	mum_annie
jarrows methylcobalamin	jarrows_methylcobalamin
lauren jeska	lauren_jeska
ralph knibbs	ralph_knibbs
philip parker qc	philip_parker_qc
julie warburton	julie_warburton
chris brennan	chris_brennan
solihull mental health trust	solihull_mental_health_trust
john short	john_short
polly cosens	polly_cosens
euston road	euston_road
ann veronica janssens	ann_veronica_janssens
ann veronica	ann_veronica
sutton coldfield	sutton_coldfield
caitlin moran	caitlin_moran
sali hughes	sali_hughes
mandy lehto	mandy_lehto
cherry healey	cherry_healey
esther walker	esther_walker
katie kirby	katie_kirby
xochi balfour	xochi_balfour
lucy sheridan	lucy_sheridan
samantha clarke	samantha_clarke
jessica bennett	jessica_bennett
suzi perry	suzi_perry
sophie michell	sophie_michell
barbara kasumu	barbara_kasumu
bryony gordon	bryony_gordon
lucy mangan	lucy_mangan
jody shield	jody_shield
stella mccartney	stella_mccartney
helen croyon	helen_croyon
nerina ramlakhan	nerina_ramlakhan
alderley edge	alderley_edge
malcolm stern	malcolm_stern
strange case	strange_case
carl gustav jung	carl_gustav_jung
judymay murphy	judymay_murphy
john major	john_major
tony blair	tony_blair
clare short	clare_short
dominique voynet	dominique_voynet
john prescott	john_prescott
vladimir putin	vladimir_putin
barack obama	barack_obama
al qaeda	al_qaeda
jeremy corbyn	jeremy_corbyn
bella donna	bella_donna
gary craig	gary_craig
james bond	james_bond
betty boop	betty_boop
looney toons	looney_toons
jonny quest	jonny_quest
twisted sister	twisted_sister
serum b12	serum_b12
anisur rahman	anisur_rahman
hee heee	hee_heee
cross fit	cross_fit
johnny bravo	johnny_bravo
kurt vonnegut	kurt_vonnegut
code academy	code_academy
code school	code_school
rehards irene	rehards_irene
histrionic personality disorder	histrionic_personality_disorder
steven hawking	steven_hawking
ian mccormick	ian_mccormick
tynelol pm	tynelol_pm
john wayne	john_wayne
halle berry	halle_berry
don hertzfeldt	don_hertzfeldt
glenn n. levine	glenn_n._levine
david burn	david_burn
philip best	philip_best
dragon professional	dragon_professional
a2 milk	a2_milk
meconerv forte	meconerv_forte
alpha lipoica	alpha_lipoica
uric acid	uric_acid
food intolerance	food_intolerance
pamela downey	pamela_downey
vitmain b12	vitmain_b12
janis joplin	janis_joplin
bobbie mcgee	bobbie_mcgee
stress control	stress_control
mary ellen copeland	mary_ellen_copeland
zoe gordon	zoe_gordon
jon kabat-zinn	jon_kabat-zinn
kay redfield jameson	kay_redfield_jameson
elyn saks	elyn_saks
paul mackenna	paul_mackenna
musashi miyamoto	musashi_miyamoto
valproic acid	valproic_acid
cert iv	cert_iv
black sabbath	black_sabbath
robert patrick miles	robert_patrick_miles
der kolks	der_kolks
love mos def	love_mos_def
johnny rzeznik	johnny_rzeznik
mr. al gore	mr._al_gore
mellen benedict	mellen_benedict
peter russell	peter_russell
howard storm ph	howard_storm_ph
reverend howard storm	reverend_howard_storm
mr. aristocrat	mr._aristocrat
henry david thoreau	henry_david_thoreau
borderline personality traits	borderline_personality_traits
vitmin d	vitmin_d
fibro fog	fibro_fog
george lakoff	george_lakoff
bipolar depression ii	bipolar_depression_ii
pedersen km	pedersen_km
bruun nh	bruun_nh
laurberg p. narrow	laurberg_p._narrow
hoermann r	hoermann_r
midgley je	midgley_je
hering s	hering_s
urban a	urban_a
dietrich b	dietrich_b
abood a	abood_a
klein hh	klein_hh
dietrich jw	dietrich_jw
obregón mj	obregón_mj
rey f	rey_f
escobar g.	escobar_g.
frasca f	frasca_f
le moli r	le_moli_r
pellegriti g	pellegriti_g
vigneri r. levothyroxine	vigneri_r._levothyroxine
eckl wa	eckl_wa
hoermann c	hoermann_c
larisch r. complex	larisch_r._complex
eur j endocrinol	eur_j_endocrinol
midgley jem	midgley_jem
larisch r	larisch_r
giacobino a	giacobino_a
wahl hg	wahl_hg
larisch r. homeostatic	larisch_r._homeostatic
clin endocrinol	clin_endocrinol
dietrich jwc	dietrich_jwc
larisch r. dual	larisch_r._dual
miyauchi a	miyauchi_a
morita s	morita_s
kudo t	kudo_t
nishihara e	nishihara_e
kihara m	kihara_m
takamura y	takamura_y
ito y	ito_y
kobayashi k	kobayashi_k
miya a	miya_a
hisakado m	hisakado_m
yoshioka w	yoshioka_w
ide a	ide_a
hoermann r. symptomatic	hoermann_r._symptomatic
exp clin endocrinol diabetes	exp_clin_endocrinol_diabetes
donnelly la	donnelly_la
bianco ac	bianco_ac
lancet diab endocrinol	lancet_diab_endocrinol
hoermann r. variation	hoermann_r._variation
endocr connect	endocr_connect
harrison rf	harrison_rf
smith n	smith_n
darzy k	darzy_k
shalet s	shalet_s
weetman ap	weetman_ap
ross rj	ross_rj
van uytfanghe k	van_uytfanghe_k
faix jd	faix_jd
ieiri t	ieiri_t
miller wg	miller_wg
nelson jc	nelson_jc
ronin c	ronin_c
ross ha	ross_ha
thijssen jh	thijssen_jh
clin chem	clin_chem
castro jp	castro_jp
fonseca tl	fonseca_tl
ueta cb	ueta_cb
abdalla sm	abdalla_sm
wittmann g	wittmann_g
lechan rm	lechan_rm
gereben b	gereben_b
cramon p	cramon_p
watt t	watt_t
bjorner jb	bjorner_jb
ekholm o	ekholm_o
groenvold m	groenvold_m
rasmussen åk	rasmussen_åk
hegedüs l	hegedüs_l
bonnema sj	bonnema_sj
ani difranco	ani_difranco
josh dun	josh_dun
tyler joseph	tyler_joseph
franklin d. roosevelt	franklin_d._roosevelt
mr. potiphar	mr._potiphar
mr. joseph	mr._joseph
gold standard	gold_standard
sir john kirwan	sir_john_kirwan
spoke zarathustra	spoke_zarathustra
google calendar	google_calendar
deeply deebi	deeply_deebi
alk phos	alk_phos
broadway joe	broadway_joe
cassius clay	cassius_clay
sonny liston	sonny_liston
franz klammer	franz_klammer
kirk gibson	kirk_gibson
bill belichick	bill_belichick
bulk billed	bulk_billed
marcus aurelius	marcus_aurelius
pacific island	pacific_island
t still	t_still
jerry seinfeld	jerry_seinfeld
cassie bun	cassie_bun
valentine fiona apple	valentine_fiona_apple
natasha1 link	natasha1_link
borderline personality disorders	borderline_personality_disorders
lee soonkyu	lee_soonkyu
bucchianeri it	bucchianeri_it
anne rice	anne_rice
charles f. glassman	charles_f._glassman
les mis	les_mis
lion king	lion_king
el paso	el_paso
anne sila	anne_sila
tuum este	tuum_este
greenblatt dj	greenblatt_dj
lacasse y	lacasse_y
shader ri	shader_ri
van huffel	van_huffel
rangan chatergee	rangan_chatergee
alan watts	alan_watts
elizabeth kübler-ross	elizabeth_kübler-ross
lake ontario	lake_ontario
vit c.	vit_c.
dic carlson	dic_carlson
nelson mandela	nelson_mandela
polar vortex	polar_vortex
lute chamber	lute_chamber
matthew johnstones	matthew_johnstones
miss hypercat54	miss_hypercat54
salford royal	salford_royal
paul manafort	paul_manafort
bi polar	bi_polar
low b12	low_b12
attention deficit disorder	attention_deficit_disorder
tampa bay area	tampa_bay_area
hay fever	hay_fever
awe deebi	awe_deebi
inner child	inner_child
downs syndrome	downs_syndrome
grief syndrome	grief_syndrome
debra kissen	debra_kissen
karen martinez	karen_martinez
puerto rico	puerto_rico
vitamin b6	vitamin_b6
robert r.	robert_r.
jim carey	jim_carey
will durant	will_durant
michael stipe	michael_stipe
william walsh	william_walsh
tim tim	tim_tim
gill woodford	gill_woodford
chris maker	chris_maker
prof michael beresford	prof_michael_beresford
alder hey	alder_hey
miranda lambert	miranda_lambert
tin man	tin_man
mr. tin	mr._tin
autoimmune hepatitis	autoimmune_hepatitis
sjogrens syndrome	sjogrens_syndrome
menieres disease	menieres_disease
diabetes ii	diabetes_ii
richard white	richard_white
charlotte brontë	charlotte_brontë
silent hill	silent_hill
les miserables	les_miserables
power rangers	power_rangers
codeine phosphate	codeine_phosphate
doc john	doc_john
john oldham	john_oldham
sodium valproate	sodium_valproate
self harm	self_harm
amphetamine salts	amphetamine_salts
actavis elizabeth	actavis_elizabeth
amphet salts	amphet_salts
aurobindo phar	aurobindo_phar
mello yello	mello_yello
pioneer peak	pioneer_peak
boy o boy	boy_o_boy
bev aisbett	bev_aisbett
acute intermittent porphyria	acute_intermittent_porphyria
alendronic acid	alendronic_acid
arian grande	arian_grande
allen carr	allen_carr
rocky balboa	rocky_balboa
rocky vi	rocky_vi
hermoinie granger	hermoinie_granger
st. johns	st._johns
campbell n	campbell_n
boustani m	boustani_m
cameron jc	cameron_jc
ann pharmacother	ann_pharmacother
glasser sp	glasser_sp
wadley v	wadley_v
clin cardiol	clin_cardiol
rob wilson	rob_wilson
rodger murphree	rodger_murphree
woo hoo	woo_hoo
tanya -t	tanya_-t
schitzotypal pd	schitzotypal_pd
nathaniel branden	nathaniel_branden
tommy hilfiger	tommy_hilfiger
reverse t3	reverse_t3
betaine hc	betaine_hc
acetyl cysteine	acetyl_cysteine
zinc picolinate	zinc_picolinate
mag citrate	mag_citrate
asc acid	asc_acid
zinc carnosine	zinc_carnosine
marine corps	marine_corps
margot grey	margot_grey
howard storm	howard_storm
pachuca sunrise	pachuca_sunrise
ryan reynolds	ryan_reynolds
zentiva hydroxychloroquine	zentiva_hydroxychloroquine
luke wilson	luke_wilson
barrett cbd	barrett_cbd
mister x	mister_x
lifeline text	lifeline_text
melly mel	melly_mel
blessings xoxo	blessings_xoxo
edward james olmos	edward_james_olmos
pastor rick joyner	pastor_rick_joyner
terence mckenna	terence_mckenna
uncle sam	uncle_sam
pablo casals	pablo_casals
poopie doll	poopie_doll
joni eareckson tada	joni_eareckson_tada
potassium chloride	potassium_chloride
aquaphor ointment	aquaphor_ointment
ibuprofen pm	ibuprofen_pm
narcissistic personality disorder	narcissistic_personality_disorder
mefenamic acid	mefenamic_acid
anna natlick	anna_natlick
bob ross	bob_ross
scutellaria baicalensis	scutellaria_baicalensis
phantom limb	phantom_limb
suzi suzi suzi suzi	suzi_suzi_suzi_suzi
crisis centre	crisis_centre
elie wiesel	elie_wiesel
fabrizio bebedetti	fabrizio_bebedetti
bottom line	bottom_line
mighty mint	mighty_mint
junoiur doctor	junoiur_doctor
stephanie bennett	stephanie_bennett
kava kava	kava_kava
viatmin d	viatmin_d
nick cave	nick_cave
samuel beckett	samuel_beckett
marty hines	marty_hines
nancy tillman	nancy_tillman
hugs sprinkle	hugs_sprinkle
rabbi harold kushner	rabbi_harold_kushner
brandon marshall	brandon_marshall
carts bog inn	carts_bog_inn
delroy forrester	delroy_forrester
jasmine forrester	jasmine_forrester
tyler forrester	tyler_forrester
kevin holt	kevin_holt
jonny cole	jonny_cole
jermaine pennant	jermaine_pennant
barnsley fc	barnsley_fc
alan gardner	alan_gardner
birmingham b23	birmingham_b23
church road	church_road
birmingham b25	birmingham_b25
premier inn central	premier_inn_central
vicarage road	vicarage_road
watford fc	watford_fc
amnesty international uk	amnesty_international_uk
adults £5	adults_£5
blue badges	blue_badges
snow white	snow_white
adam smith	adam_smith
issac newton	issac_newton
paul david	paul_david
pastor mark	pastor_mark
pope john	pope_john
air force	air_force
michael j fox	michael_j_fox
robert rogers phd	robert_rogers_phd
dallas willard	dallas_willard
simone weil	simone_weil
paul g. west	paul_g._west
forrest grump	forrest_grump
melancholy man	melancholy_man
edmond dantes	edmond_dantes
kratom powder	kratom_powder
victoria smith	victoria_smith
matt arkwright	matt_arkwright
adam tombs	adam_tombs
kim parton	kim_parton
ellen burke	ellen_burke
dirty dancing	dirty_dancing
hackney cvs	hackney_cvs
gary o'brien	gary_o'brien
manchester health	manchester_health
manchester city council	manchester_city_council
justin donne	justin_donne
tom weir	tom_weir
mudassar yasin	mudassar_yasin
birmingham museum	birmingham_museum
angela mahoney	angela_mahoney
becky lyddon	becky_lyddon
glasgow g1	glasgow_g1
croftdown road	croftdown_road
lakeside village	lakeside_village
pink therapys	pink_therapys
dominic richardson	dominic_richardson
colin stagg	colin_stagg
al pacino	al_pacino
steve good	steve_good
bill paxton	bill_paxton
kyle reese	kyle_reese
heather greenlee	heather_greenlee
gillian cilibrasi	gillian_cilibrasi
clark county	clark_county
mark merin	mark_merin
margarita tartakovsky	margarita_tartakovsky
jeffrey sumber	jeffrey_sumber
ryan howes	ryan_howes
joyce marter	joyce_marter
deborah serani	deborah_serani
schizoeffective disorder	schizoeffective_disorder
arabian sea	arabian_sea
boo boo	boo_boo
tracy oxford	tracy_oxford
danlos syndrome	danlos_syndrome
cell disorder	cell_disorder
belmont ma	belmont_ma
rebel rouser	rebel_rouser
spacey kacey	spacey_kacey
fred nile	fred_nile
alex mercer	alex_mercer
jann arden	jann_arden
wheen bill	wheen_bill
pubaok awyis	pubaok_awyis
paul dalio	paul_dalio
blue cross	blue_cross
billie ellish	billie_ellish
le plongeur	le_plongeur
lang leav	lang_leav
extreme anxiety disorder	extreme_anxiety_disorder
vitamin k	vitamin_k
inflammatory bowel disease	inflammatory_bowel_disease
bilbo baggins	bilbo_baggins
will smith	will_smith
kirk franklin	kirk_franklin
royal brompton	royal_brompton
jolene blalock	jolene_blalock
david j. miklowitz	david_j._miklowitz
johnny walker	johnny_walker
francis bacon	francis_bacon
john bradshaw	john_bradshaw
delores o'riordan	delores_o'riordan
nina simone ruby	nina_simone_ruby
alex lifeson	alex_lifeson
lee weinrib	lee_weinrib
pubok grand awyis	pubok_grand_awyis
fierce grace	fierce_grace
margot dec	margot_dec
jerry garcia	jerry_garcia
travis bickle	travis_bickle
mystery jets youth	mystery_jets_youth
corry taylor	corry_taylor
jaymes young	jaymes_young
guster brother	guster_brother
tom o	tom_o
jill carnahan	jill_carnahan
david jones	david_jones
christa orecchio	christa_orecchio
michael ash	michael_ash
tom malterre	tom_malterre
payne stewart	payne_stewart
kay redfield	kay_redfield
loven grandies	loven_grandies
pubok darlin	pubok_darlin
cushings syndrome	cushings_syndrome
izabella wentz	izabella_wentz
amy myers	amy_myers
anon bulga	anon_bulga
amy pond	amy_pond
danny pink	danny_pink
river song	river_song
sarah b	sarah_b
barry mcdonagh	barry_mcdonagh
st faustina	st_faustina
john blanche	john_blanche
lunachick sponge	lunachick_sponge
klonopin prn	klonopin_prn
joyce meyer	joyce_meyer
angel wars saga	angel_wars_saga
galaxy s7	galaxy_s7
border personality disorder	border_personality_disorder
tony quirky	tony_quirky
fuller torrey	fuller_torrey
ruby quirky	ruby_quirky
lymph node	lymph_node
self injury	self_injury
susan jeffers	susan_jeffers
wayne w. dyer	wayne_w._dyer
tiddy rowan	tiddy_rowan
luvox cr	luvox_cr
mary siena	mary_siena
anti interleukin	anti_interleukin
little bear	little_bear
mary poppins	mary_poppins
elisha skye	elisha_skye
chris rock	chris_rock
shovel knight	shovel_knight
melissa palmer	melissa_palmer
silver cloud	silver_cloud
jane kenyon	jane_kenyon
pink floyd	pink_floyd
nikita gill	nikita_gill
dylan thomasi	dylan_thomasi
st johns	st_johns
arthur brock	arthur_brock
stars michael callan	stars_michael_callan
denholm elliot	denholm_elliot
james robertson	james_robertson
michael winner	michael_winner
aubrey plaza	aubrey_plaza
elizabeth olsen	elizabeth_olsen
black swan	black_swan
swan lake	swan_lake
jennifer aniston	jennifer_aniston
joey lauren adams	joey_lauren_adams
panic anxiety disorder	panic_anxiety_disorder
marisa tomei	marisa_tomei
kryssy idohope	kryssy_idohope
stockholm syndrome	stockholm_syndrome
peter levine	peter_levine
logan sims	logan_sims
mary tyler moore	mary_tyler_moore
molly shannon	molly_shannon
sleep disorder	sleep_disorder
diana holmes	diana_holmes
brain zaps	brain_zaps
richard fee	richard_fee
joan crawford	joan_crawford
winona ryder	winona_ryder
bacopa monniera	bacopa_monniera
black dog institute	black_dog_institute
broken mirror	broken_mirror
katherine a philips	katherine_a_philips
reishi mushroms	reishi_mushroms
castor oil	castor_oil
george sodini	george_sodini
rocky horror	rocky_horror
mopey mat	mopey_mat
jane smith	jane_smith
salman rushdie	salman_rushdie
elvis presley	elvis_presley
ayatollah khomeini	ayatollah_khomeini
saddam hussein	saddam_hussein
al quaeda	al_quaeda
ali dashti	ali_dashti
sahih al-bukhari	sahih_al-bukhari
stanislav grof	stanislav_grof
steven pinker	steven_pinker
carry benzo	carry_benzo
britney spears	britney_spears
rachel joy	rachel_joy
kay thackray	kay_thackray
mark gatiss	mark_gatiss
brian weiss	brian_weiss
mr. anderson	mr._anderson
stanley kubrick	stanley_kubrick
mr. bear	mr._bear
calcium orotate	calcium_orotate
magnesium orotate	magnesium_orotate
ann coulter	ann_coulter
otis redding	otis_redding
parkinson disease	parkinson_disease
stephen fry	stephen_fry
christian hoenner	christian_hoenner
phanie ridel	phanie_ridel
fyodor dostoevsky	fyodor_dostoevsky
post partum depression	post_partum_depression
dapsone flexafenide	dapsone_flexafenide
mars hill	mars_hill
miami beach	miami_beach
tenzin gyatso	tenzin_gyatso
paul reekie	paul_reekie
nick barker	nick_barker
brian mcardle	brian_mcardle
john mcardle	john_mcardle
ansel adams	ansel_adams
paul allen	paul_allen
timmy tiger	timmy_tiger
poppy panda	poppy_panda
andrea cipriani	andrea_cipriani
christian talbot	christian_talbot
prof carmine pariante	prof_carmine_pariante
glyn lewis	glyn_lewis
kaye redfield jamison	kaye_redfield_jamison
bohemian rhapsody	bohemian_rhapsody
rebecca black	rebecca_black
lithium ativan	lithium_ativan
neil anderson	neil_anderson
kamran ahmed	kamran_ahmed
lana del ray	lana_del_ray
pink dragon	pink_dragon
hepatitis c	hepatitis_c
leon f. seltzer	leon_f._seltzer
otoro fusion	otoro_fusion
steve richards	steve_richards
la strada	la_strada
buffalo '66	buffalo_'66
la grande illusion	la_grande_illusion
daniel webster	daniel_webster
debbie downer syndrome	debbie_downer_syndrome
jordan b peterson	jordan_b_peterson
post partum psychosis	post_partum_psychosis
william styron	william_styron
richard mackarness	richard_mackarness
shepparton albury	shepparton_albury
ann arbor	ann_arbor
peter gøtzsche	peter_gøtzsche
martin j blaser md	martin_j_blaser_md
kelly brogan md	kelly_brogan_md
micheal mosley	micheal_mosley
super market	super_market
rebecca fett	rebecca_fett
rob knight	rob_knight
christine bailey	christine_bailey
giulia enders	giulia_enders
gerard e mullins md	gerard_e_mullins_md
damien downing md	damien_downing_md
ronald ross watson	ronald_ross_watson
martin h. floch	martin_h._floch
emeran myers	emeran_myers
niall hyland	niall_hyland
catherine stanton	catherine_stanton
axis v	axis_v
maria esposito	maria_esposito
scott c. anderson	scott_c._anderson
gerald w. tannock	gerald_w._tannock
luigi nibali	luigi_nibali
brian henderson	brian_henderson
edward ishiguro	edward_ishiguro
richard a. matthews	richard_a._matthews
susan prescott	susan_prescott
alan logan	alan_logan
raphael kellman	raphael_kellman
katherine harmon	katherine_harmon
jack life	jack_life
george orwell	george_orwell
g2019s lrrk2	g2019s_lrrk2
mount everest	mount_everest
fraggle rock	fraggle_rock
gender identity disorder	gender_identity_disorder
vitamine d	vitamine_d
ricky gervais	ricky_gervais
simon cowell	simon_cowell
jason stephenson	jason_stephenson
jordan farrellmei	jordan_farrellmei
pizza hut	pizza_hut
mount crumpit	mount_crumpit
care givers	care_givers
martyn hooper mbe	martyn_hooper_mbe
sally m. pacholok	sally_m._pacholok
jeffrey j. stuart	jeffrey_j._stuart
alesia hunt	alesia_hunt
dominic harrington	dominic_harrington
viapath llp	viapath_llp
susan robinson	susan_robinson
carmel r	carmel_r
agrawal y	agrawal_y
ed wood	ed_wood
squalor hope	squalor_hope
tara brach	tara_brach
ron carlson	ron_carlson
bukhari hadith	bukhari_hadith
hazrat aisha	hazrat_aisha
umm ibrahaim	umm_ibrahaim
umm ibrahim	umm_ibrahim
zaynab bint jahsh	zaynab_bint_jahsh
abu hurayra	abu_hurayra
ali ataie	ali_ataie
christy moore	christy_moore
stephen hawkins	stephen_hawkins
imposter syndrome	imposter_syndrome
brendan mason	brendan_mason
joshua hack	joshua_hack
keith lowe	keith_lowe
abbey park	abbey_park
peter collins	peter_collins
alin apopei	alin_apopei
denisa silmen	denisa_silmen
conor o'mahoney	conor_o'mahoney
jemima khan	jemima_khan
sir nicholas	sir_nicholas
milverton road	milverton_road
alia jama	alia_jama
ellen scott	ellen_scott
helen wadley	helen_wadley
al anon	al_anon
appendix a	appendix_a
ketamine iv	ketamine_iv
jorge vas	jorge_vas
alexander rances	alexander_rances
allyson shrikhande	allyson_shrikhande
blaser md	blaser_md
kelly brogan	kelly_brogan
damien downing	damien_downing
dysbiosis martin	dysbiosis_martin
floch dec	floch_dec
kelly mcgonigal	kelly_mcgonigal
sherman alexie	sherman_alexie
crest bd	crest_bd
angel chernoff	angel_chernoff
echos myron	echos_myron
nitrous oxide	nitrous_oxide
lana del rey	lana_del_rey
lil one	lil_one
welbutrin ir	welbutrin_ir
gary jules	gary_jules
mrs croix	mrs_croix
dairy queen	dairy_queen
classic fm	classic_fm
alan parsons	alan_parsons
denmark hill	denmark_hill
pseudomonas aerigonosima	pseudomonas_aerigonosima
mycobacterium tuberculosis	mycobacterium_tuberculosis
herpes simplex	herpes_simplex
mary millington	mary_millington
kenneth erskine	kenneth_erskine
fred handford	fred_handford
janet holt	janet_holt
jules verne	jules_verne
captain nemo	captain_nemo
rosie yates	rosie_yates
jessica hynes	jessica_hynes
miley locke	miley_locke
universal tv	universal_tv
scarlet johansson	scarlet_johansson
ian jones	ian_jones
ken willidau	ken_willidau
jeff kennett	jeff_kennett
jimmy carter	jimmy_carter
dan marino	dan_marino
robin williamsi	robin_williamsi
annie landsberg	annie_landsberg
owen milgrim	owen_milgrim
james k. mantleray	james_k._mantleray
paul thomas anderson	paul_thomas_anderson
joaquin phoenix	joaquin_phoenix
philip seymour hoffman	philip_seymour_hoffman
edgar allen poe	edgar_allen_poe
eliza graves	eliza_graves
jim sturgess	jim_sturgess
david thewlis	david_thewlis
michael caine	michael_caine
edgar allan poe	edgar_allan_poe
deep deebi	deep_deebi
hydroxzine paomate	hydroxzine_paomate
such bs	such_bs
boy george	boy_george
culture club	culture_club
friar tuck	friar_tuck
jimmy savile	jimmy_savile
ursula le guin	ursula_le_guin
agent smith	agent_smith
steven phillips	steven_phillips
j. d.	j._d.
j. m.	j._m.
j. o.	j._o.
j. j. r.	j._j._r.
de chavez	de_chavez
great britain	great_britain
g ezra	g_ezra
paulo nutini	paulo_nutini
david copperfield	david_copperfield
david niven	david_niven
felice jacka	felice_jacka
lady godiva	lady_godiva
patrick bateman	patrick_bateman
ozzy osbourne	ozzy_osbourne
michigan fibroguide	michigan_fibroguide
higgs jb	higgs_jb
hadker n	hadker_n
suchita g	suchita_g
chandran ab	chandran_ab
wolfe f	wolfe_f
clauw dj	clauw_dj
fitzcharles ma	fitzcharles_ma
kodner c. common	kodner_c._common
macfarlane gj	macfarlane_gj
kronisch c	kronisch_c
dean le	dean_le
ann rheum dis	ann_rheum_dis
cynthia g.	cynthia_g.
carl sagan	carl_sagan
headlam bedlam	headlam_bedlam
mountain mike	mountain_mike
susannah cahalan	susannah_cahalan
stan grof	stan_grof
catherine lucas	catherine_lucas
susan jeffer	susan_jeffer
david avocado	david_avocado
silicon valley	silicon_valley
miss saigon	miss_saigon
daily mail	daily_mail
les dawson	les_dawson
doctor doolittle	doctor_doolittle
hickory jane	hickory_jane
george romero	george_romero
first lady	first_lady
nammu ooo	nammu_ooo
jordan barrett	jordan_barrett
mike mew	mike_mew
freddie mercury	freddie_mercury
rami malek	rami_malek
tardive dystonia	tardive_dystonia
sara gottfried	sara_gottfried
john c lowe	john_c_lowe
william dodson	william_dodson
shawn mendes	shawn_mendes
joel hodgson	joel_hodgson
reactive depression	reactive_depression
wellbutrin xl	wellbutrin_xl
paul mccartney	paul_mccartney
ernest becker	ernest_becker
dragon eyes	dragon_eyes
weil cornell	weil_cornell
nanny lynn	nanny_lynn
evorel sequi	evorel_sequi
tom price	tom_price
ian zagon	ian_zagon
james cordin	james_cordin
gal godot	gal_godot
chris pine	chris_pine
jenny craig	jenny_craig
hai nenkohai2	hai_nenkohai2
van halen	van_halen
robert duarte	robert_duarte
lesley arnold md	lesley_arnold_md
christine lampard	christine_lampard
robin johnson	robin_johnson
danny rose	danny_rose
hugh purcell	hugh_purcell
margaret percy	margaret_percy
crypt hall	crypt_hall
dragon hotel	dragon_hotel
clayton hotel	clayton_hotel
camer park road	camer_park_road
gower peninsular	gower_peninsular
robert morris	robert_morris
bruce lipton	bruce_lipton
nicholson baker	nicholson_baker
richard cowen	richard_cowen
carl cantrell	carl_cantrell
karen schaeffer	karen_schaeffer
ricky randolph	ricky_randolph
dannion brinkley	dannion_brinkley
ani pema	ani_pema
lou gehrig	lou_gehrig
muscle dystrophia	muscle_dystrophia
adams family	adams_family
millbank tower	millbank_tower
eugene landy	eugene_landy
van matt	van_matt
matt van rat	matt_van_rat
van winkles	van_winkles
brussel sprouts	brussel_sprouts
erik erikson	erik_erikson
marie curie	marie_curie
christine crps	christine_crps
renee roland	renee_roland
mikhaila peternson	mikhaila_peternson
ian duncan smith	ian_duncan_smith
matthew bernier	matthew_bernier
paul meier md	paul_meier_md
silver linings	silver_linings
clin exp immunol	clin_exp_immunol
curr opin hematol	curr_opin_hematol
tam js	tam_js
clin immunol	clin_immunol
eur j hum genet	eur_j_hum_genet
susan varghese	susan_varghese
rebecca suk heist	rebecca_suk_heist
george simon	george_simon
melinda dunn	melinda_dunn
andrew schorr	andrew_schorr
melanie tonya evans	melanie_tonya_evans
billy connolly	billy_connolly
fernette eide	fernette_eide
pokemon go	pokemon_go
russell barkley	russell_barkley
james otis	james_otis
lazlo bane	lazlo_bane
atra bbcode	atra_bbcode
willie nelson	willie_nelson
cape breton	cape_breton
ashton kutcher	ashton_kutcher
don juanism	don_juanism
eli lilly	eli_lilly
emily p7	emily_p7
teddy bear	teddy_bear
chelsea kane	chelsea_kane
christina aguilera	christina_aguilera
clifford irving	clifford_irving
richard gere	richard_gere
howard hughes	howard_hughes
louise fletcher	louise_fletcher
randle mcmurphy	randle_mcmurphy
billy bibbit	billy_bibbit
charlie cheswick	charlie_cheswick
dale harding	dale_harding
max taber	max_taber
jim sefelt	jim_sefelt
captain scarlet	captain_scarlet
jake gyllenhaal	jake_gyllenhaal
jena malone	jena_malone
patrick swayze	patrick_swayze
drew barrymore	drew_barrymore
noah wyle	noah_wyle
richard curtis	richard_curtis
hugh grant	hugh_grant
emma thompson	emma_thompson
laura linney	laura_linney
keira knightley	keira_knightley
taut hitchcock	taut_hitchcock
kim novak	kim_novak
barbara bel geddes	barbara_bel_geddes
tom helmore	tom_helmore
alfred hitchcock	alfred_hitchcock
tippi hendren	tippi_hendren
nora walker	nora_walker
meher baba	meher_baba
baba o'riley	baba_o'riley
claudia hammond	claudia_hammond
john larroquette	john_larroquette
marta dubois	marta_dubois
matt lutz	matt_lutz
stephen tobolowsky	stephen_tobolowsky
joel barish	joel_barish
colin firth	colin_firth
julianne moore	julianne_moore
jeremy paxman	jeremy_paxman
bernadette murphy	bernadette_murphy
vincent van gogh	vincent_van_gogh
avery bullock	avery_bullock
rupert murdoch	rupert_murdoch
george bush	george_bush
bill clnton	bill_clnton
richard branson	richard_branson
ruth rendell	ruth_rendell
john christie	john_christie
nerissa nash	nerissa_nash
luke treadaway	luke_treadaway
geraldine james	geraldine_james
gemma jones	gemma_jones
elarica gallacher	elarica_gallacher
kieran bew	kieran_bew
james fox	james_fox
simon callow	simon_callow
emily hamilton	emily_hamilton
alison steadman	alison_steadman
nancy meyers	nancy_meyers
helen hunt	helen_hunt
alan alda	alan_alda
bette midler	bette_midler
robert powell	robert_powell
lew grade	lew_grade
ken livingstone	ken_livingstone
uma thurman	uma_thurman
meryl streep	meryl_streep
bryan greenberg	bryan_greenberg
jon abrahams	jon_abrahams
john reid	john_reid
tom bradby	tom_bradby
adam boulton	adam_boulton
bernie ecclestone	bernie_ecclestone
alain prost	alain_prost
nigel farage	nigel_farage
tyne tees	tyne_tees
stephen lang	stephen_lang
brett dier	brett_dier
any lp	any_lp
patch adams	patch_adams
monica potter	monica_potter
daniel london	daniel_london
bob gunton	bob_gunton
susanna kaysen	susanna_kaysen
bridget fonda	bridget_fonda
jennifer jason leigh	jennifer_jason_leigh
steven weber	steven_weber
patrick hamilton	patrick_hamilton
jack manningham	jack_manningham
kara tointon	kara_tointon
keith allen	keith_allen
david french	david_french
steve austin	steve_austin
simon n. young	simon_n._young
simone de beauvoir	simone_de_beauvoir
mucuna puriens	mucuna_puriens
alison r	alison_r
deborah rozman	deborah_rozman
sheila mcmahon	sheila_mcmahon
petiej welcome	petiej_welcome
frank peretti	frank_peretti
rachel held evans	rachel_held_evans
patrick mckeon	patrick_mckeon
tom burns	tom_burns
george clooney	george_clooney
surrey ccg	surrey_ccg
elle lever	elle_lever
rob thomas	rob_thomas
robert thomas	robert_thomas
wellbutrin xr	wellbutrin_xr
depakote er	depakote_er
jenna wong	jenna_wong
spake zarathustra	spake_zarathustra
jane doe	jane_doe
katherine phillips	katherine_phillips
canuck lady	canuck_lady
schizotypal pd	schizotypal_pd
ashton manual	ashton_manual
gotu kola	gotu_kola
oskar schindler	oskar_schindler
africa venezuela	africa_venezuela
harley quinn	harley_quinn
hanlea iwonderd	hanlea_iwonderd
william basinski	william_basinski
bhante vimalaramsi	bhante_vimalaramsi
tony attwood	tony_attwood
lauryn hill	lauryn_hill
joyce meyers	joyce_meyers
tsuru tasaki	tsuru_tasaki
matt haig	matt_haig
john g	john_g
otto fenichel	otto_fenichel
edward james	edward_james
reformer pilates	reformer_pilates
aptensio xr	aptensio_xr
ritalin la	ritalin_la
michael jackson	michael_jackson
feliz navidad	feliz_navidad
down syndrome	down_syndrome
cyclizine hydrochloride	cyclizine_hydrochloride
oestio arthritis	oestio_arthritis
sudden deafness syndrome	sudden_deafness_syndrome
lance armstrong	lance_armstrong
terry e	terry_e
anthony de	anthony_de
kyle kowalski	kyle_kowalski
mike adams	mike_adams
michael mann	michael_mann
steven summer	steven_summer
terry pratchett	terry_pratchett
david attenborough	david_attenborough
chronic pain syndrome	chronic_pain_syndrome
red flags	red_flags
virgin mary	virgin_mary
joseph glenmullen	joseph_glenmullen
susan nolen-hoeksema	susan_nolen-hoeksema
renato ganoza	renato_ganoza
chevy malibu	chevy_malibu
steven john	steven_john
spike milligan	spike_milligan
atlas carter	atlas_carter
dawn devereaux	dawn_devereaux
epsom salts	epsom_salts
tim hortons	tim_hortons
katherine erbe	katherine_erbe
edward hallowell	edward_hallowell
bruce s. gillis	bruce_s._gillis
kiley reitano	kiley_reitano
julianne davis	julianne_davis
robin dix	robin_dix
vin diesel	vin_diesel
bruce willis	bruce_willis
richard carswell	richard_carswell
raisin toast	raisin_toast
susan gurley	susan_gurley
steven novella	steven_novella
chloe dancer	chloe_dancer
joseph prince	joseph_prince
johns hopkins	johns_hopkins
gary gulman	gary_gulman
aretha franklin	aretha_franklin
jeffrey barry	jeffrey_barry
kamil ahmad	kamil_ahmad
patrick reilly	patrick_reilly
sean jones	sean_jones
scarlett moffatt	scarlett_moffatt
scarlett moffat	scarlett_moffat
monika fourie	monika_fourie
hannah stokes	hannah_stokes
paul darlow	paul_darlow
richard bennett	richard_bennett
birmingham b17	birmingham_b17
jenn kirkman	jenn_kirkman
auld lang syne	auld_lang_syne
daniel wallace	daniel_wallace
lindsey berkson	lindsey_berkson
tova feinman	tova_feinman
emil kraepelin	emil_kraepelin
michael b. knable	michael_b._knable
perinatal anxiety	perinatal_anxiety
katie perry	katie_perry
windsor castle	windsor_castle
ajahn brahm	ajahn_brahm
malcom turnball	malcom_turnball
brennan gardner	brennan_gardner
leo tolstoy	leo_tolstoy
chronic colonic inertia	chronic_colonic_inertia
mary zin	mary_zin
matthew walker	matthew_walker
emily dickenson	emily_dickenson
ambrose bierce	ambrose_bierce
saleem azam	saleem_azam
luna bella	luna_bella
maya angelou	maya_angelou
jake tyler	jake_tyler
henry scott	henry_scott
tom insel	tom_insel
matthew d'ancona	matthew_d'ancona
jeremy vine	jeremy_vine
edward bullmore mb	edward_bullmore_mb
sick syndrome	sick_syndrome
stanley kubric	stanley_kubric
shunji iwai	shunji_iwai
daphne willis	daphne_willis
norma bates	norma_bates
bill cosby	bill_cosby
lena dunham	lena_dunham
paul sullivan	paul_sullivan
gary wilson	gary_wilson
ginko bilboa	ginko_bilboa
ashwaganda root	ashwaganda_root
tom brady	tom_brady
brokeback mountain	brokeback_mountain
glenn harrold	glenn_harrold
croix deebi	croix_deebi
gary wormser	gary_wormser
eugene shapiro	eugene_shapiro
porochista khakpour	porochista_khakpour
santa fe	santa_fe
todd haynes	todd_haynes
pearl jam	pearl_jam
forest whitaker	forest_whitaker
brother ali	brother_ali
wonder woman	wonder_woman
schizoaffective bipolar disorder	schizoaffective_bipolar_disorder
kathryn c. fitzgerald	kathryn_c._fitzgerald
mandy lee	mandy_lee
hiatus hernia	hiatus_hernia
katinka blackford newman	katinka_blackford_newman
anne frank	anne_frank
eric kid	eric_kid
quetiapine fumarate	quetiapine_fumarate
post traumatic stress	post_traumatic_stress
nefarious angel	nefarious_angel
postpartum depression	postpartum_depression
karen horney	karen_horney
frank field	frank_field
patrick fanning	patrick_fanning
ian dollery	ian_dollery
robert kay	robert_kay
ronald king	ronald_king
rita king	rita_king
jamie bulger	jamie_bulger
chloe cowan	chloe_cowan
denise fergus	denise_fergus
james bulger	james_bulger
delyth andrews	delyth_andrews
katinka newman	katinka_newman
stephen dalton	stephen_dalton
neil lennon	neil_lennon
lucy wilson	lucy_wilson
base layer	base_layer
pokémon go	pokémon_go
strand road	strand_road
prestwold lane	prestwold_lane
east sussex	east_sussex
chester rd	chester_rd
bruce jenner	bruce_jenner
irvin d. yalom	irvin_d._yalom
christiane northrup	christiane_northrup
rachel abrams	rachel_abrams
oprah winfrey	oprah_winfrey
bulk bill	bulk_bill
mother mary	mother_mary
ani difranco	ani_difranco
nicola rose	nicola_rose
elizabeth svoboda	elizabeth_svoboda
greta gleissner	greta_gleissner
art deco	art_deco
carolyn dean	carolyn_dean
jim gordon	jim_gordon
james gordon	james_gordon
quirky tams	quirky_tams
hans christian anderson	hans_christian_anderson
prof choudhuri	prof_choudhuri
christopher mccandless	christopher_mccandless
andrew boyd	andrew_boyd
christian hiphop	christian_hiphop
cary grantliving	cary_grantliving
ron hubbard	ron_hubbard
mithu storoni	mithu_storoni
eloise baker	eloise_baker
cat stevens	cat_stevens
odyssey lux	odyssey_lux
jekyll hide	jekyll_hide
don moen	don_moen
sherwin nuland	sherwin_nuland
herman hesse	herman_hesse
ernest hemingway	ernest_hemingway
james baldwin	james_baldwin
thomas wolfe	thomas_wolfe
le guin	le_guin
meredith bell	meredith_bell
abraham maslow	abraham_maslow
allan poe	allan_poe
paolo coelho	paolo_coelho
demi lovato	demi_lovato
billi caine	billi_caine
sweeney todd	sweeney_todd
phil upshall	phil_upshall
john starzynski	john_starzynski
cary goldberg	cary_goldberg
deepak chopra	deepak_chopra
melody beattie	melody_beattie
bill yates	bill_yates
ferris bueller	ferris_bueller
nick bilton	nick_bilton
steve jobs	steve_jobs
velvet loukas	velvet_loukas
ted knight	ted_knight
neli good	neli_good
la sierra	la_sierra
nazanin derakhshan	nazanin_derakhshan
jessica swainston	jessica_swainston
andrew solomon	andrew_solomon
liev schreiber	liev_schreiber
johnathan winter	johnathan_winter
elizabeth kubler-ross	elizabeth_kubler-ross
hannah jane	hannah_jane
nikola telsa	nikola_telsa
charles raison	charles_raison
georgia ede	georgia_ede
amy stenehjem	amy_stenehjem
queen elizabeth ii	queen_elizabeth_ii
geoff gallop	geoff_gallop
daniell koepkelove	daniell_koepkelove
chunky tom	chunky_tom
santa monica	santa_monica
david foster wallace	david_foster_wallace
philip roth	philip_roth
pizza ranch	pizza_ranch
reba mcentire	reba_mcentire
dunkin donuts	dunkin_donuts
neneh cherry	neneh_cherry
awe kya	awe_kya
lawrence krauss	lawrence_krauss
neil degrasse tyson	neil_degrasse_tyson
seth godin	seth_godin
robert herrick	robert_herrick
leon seltzer	leon_seltzer
belviq xr	belviq_xr
vitamin b2	vitamin_b2
martin luther king	martin_luther_king
dave asprey	dave_asprey
leonardo da vinci	leonardo_da_vinci
da vinci	da_vinci
solar energy	solar_energy
ramsay hunt	ramsay_hunt
advil pm	advil_pm
eddie van halen	eddie_van_halen
folic acidcoenzyme	folic_acidcoenzyme
heavy metal	heavy_metal
nicotinamide adenine	nicotinamide_adenine
nancy mcwilliams	nancy_mcwilliams
laird hamilton	laird_hamilton
pete walkers	pete_walkers
alan rickman	alan_rickman
michael l.	michael_l.
poker zaddy	poker_zaddy
poker z	poker_z
jonice webb	jonice_webb
william davis	william_davis
james tilley	james_tilley
nicolaus mourer	nicolaus_mourer
auto immune disorders	auto_immune_disorders
brent hmu	brent_hmu
kit kats	kit_kats
christine padesky	christine_padesky
alopecia alopecia	alopecia_alopecia
kirsten johnson	kirsten_johnson
derealization disorder	derealization_disorder
risperdal trazone	risperdal_trazone
jonny angel	jonny_angel
tall allen	tall_allen
annie lennox	annie_lennox
conrad w. baars	conrad_w._baars
kokuzo bosatsu	kokuzo_bosatsu
pyrrole disorder	pyrrole_disorder
jeremy kyle	jeremy_kyle
st. tikhon	st._tikhon
john elder robison	john_elder_robison
augusten burroughs	augusten_burroughs
lexapro rx	lexapro_rx
sandra fryhofer	sandra_fryhofer
sophie nmtb quercus	sophie_nmtb_quercus
frida kahlo	frida_kahlo
sigmund freud	sigmund_freud
gilberto cintron	gilberto_cintron
sam south	sam_south
william shakespeare	william_shakespeare
richard dawkins	richard_dawkins
seratonin syndrome	seratonin_syndrome
marti pellow	marti_pellow
cecil parkinson	cecil_parkinson
zara holland	zara_holland
bob hope	bob_hope
rowlands castle	rowlands_castle
gustav mahler	gustav_mahler
victoria erickson	victoria_erickson
stephen stahl	stephen_stahl
ruby elliot	ruby_elliot
smirnoff ice	smirnoff_ice
douglas hunter	douglas_hunter
wolters kluwer™	wolters_kluwer™
jerry hicks	jerry_hicks
vevencio jr	vevencio_jr
brian franklin	brian_franklin
astor piazzolla	astor_piazzolla
bossa nova	bossa_nova
elena roger	elena_roger
milonga de	milonga_de
atahualpa yupanqui	atahualpa_yupanqui
eduardo falu	eduardo_falu
ramón ayala	ramón_ayala
horacio guaraní	horacio_guaraní
juan falú	juan_falú
charly garcia	charly_garcia
cerca de	cerca_de
mohammed ali	mohammed_ali
leslie sansone	leslie_sansone
bernard bihari	bernard_bihari
anna karenina	anna_karenina
ellen degeneres	ellen_degeneres
larry king	larry_king
neil armstrong	neil_armstrong
george washington	george_washington
john bull	john_bull
joey mcintyre	joey_mcintyre
selena gomez	selena_gomez
daniella laporte	daniella_laporte
sallie mae	sallie_mae
luck uni	luck_uni
alejandra pezarnik	alejandra_pezarnik
jante law	jante_law
ant man	ant_man
peps nigh	peps_nigh
peace dove	peace_dove
jordan aumann	jordan_aumann
elliot scott	elliot_scott
amy lee	amy_lee
lucy atkins	lucy_atkins
african american	african_american
jack russell	jack_russell
carly simon	carly_simon
tony crisp	tony_crisp
rio grande	rio_grande
ryan gosling	ryan_gosling
clobetasol propionate	clobetasol_propionate
nick carter	nick_carter
justin timberlake	justin_timberlake
leonardo dicaprio	leonardo_dicaprio
david beckham	david_beckham
planet hope	planet_hope
jose luis borges	jose_luis_borges
somatoform disorder	somatoform_disorder
self care	self_care
victor frankel	victor_frankel
edwin m. yamauchi	edwin_m._yamauchi
kirsopp lake	kirsopp_lake
thomas arnold	thomas_arnold
brooke foss westcott	brooke_foss_westcott
bill hicks	bill_hicks
winston churchill	winston_churchill
mr. brownstone	mr._brownstone
great spaghetti monster	great_spaghetti_monster
peter paul	peter_paul
saniha makhzoumi	saniha_makhzoumi
kubler ross	kubler_ross
iron maiden	iron_maiden
carbamazepine er	carbamazepine_er
henry higgins	henry_higgins
james michener	james_michener
barrets oesophagus	barrets_oesophagus
tobey maguire	tobey_maguire
knicky wish	knicky_wish
jackie o	jackie_o
dorothy law nolte	dorothy_law_nolte
bethan davies	bethan_davies
awe jude	awe_jude
bob newhart	bob_newhart
sifrol er	sifrol_er
richard wang	richard_wang
elizabeth schotter	elizabeth_schotter
san diego	san_diego
keith rayner	keith_rayner
michael e. j. masson	michael_e._j._masson
mary c. potter	mary_c._potter
rebecca treiman	rebecca_treiman
david a. balota	david_a._balota
r01 hd065829	r01_hd065829
laura croft	laura_croft
thomas s. monson	thomas_s._monson
cobourg ontario	cobourg_ontario
castle hill	castle_hill
mount druitt	mount_druitt
bondi junction	bondi_junction
jason statham	jason_statham
megan devine	megan_devine
john townsend	john_townsend
shirley jackson	shirley_jackson
bo burnham	bo_burnham
david smith	david_smith
tony robbins	tony_robbins
jay bell	jay_bell
isaac birdy	isaac_birdy
saint john	saint_john
adolph hitler	adolph_hitler
john g. thomas	john_g._thomas
kim mccamley	kim_mccamley
claire harrison	claire_harrison
megan markle	megan_markle
granny smith	granny_smith
lewy body disease	lewy_body_disease
oscar isaac	oscar_isaac
judith moskowitz	judith_moskowitz
dakota fanning	dakota_fanning
kristen stewart	kristen_stewart
sam harris	sam_harris
james bullenhttp	james_bullenhttp
paul bertrand	paul_bertrand
cystic fibrosis	cystic_fibrosis
philip kingsley	philip_kingsley
kay jamison	kay_jamison
daniela andrade	daniela_andrade
dennis perry	dennis_perry
dopa macuna	dopa_macuna
beth moore	beth_moore
dum dum	dum_dum
google earth	google_earth
anthony robbins	anthony_robbins
ys lacrimosa	ys_lacrimosa
charlize theron	charlize_theron
john e. sarno	john_e._sarno
leonard coldwell	leonard_coldwell
howdy jisoo	howdy_jisoo
hoodie allen	hoodie_allen
salvador dali	salvador_dali
vikram gandhi	vikram_gandhi
ryan duffy	ryan_duffy
freddie gibbs	freddie_gibbs
murtada alsaif	murtada_alsaif
sally pacholoks	sally_pacholoks
batten disease	batten_disease
cecil murphy	cecil_murphy
kathie ann solus	kathie_ann_solus
ann sexton	ann_sexton
silvia plath	silvia_plath
edward m. hallowell	edward_m._hallowell
julia gillard	julia_gillard
pluibus unum	pluibus_unum
josie wales	josie_wales
josey wales	josey_wales
kevin garrett	kevin_garrett
william faulknera	william_faulknera
rachel yehuda	rachel_yehuda
sissy paula	sissy_paula
benny goodman	benny_goodman
handon frypan	handon_frypan
nancy klimas	nancy_klimas
glenn harrolds	glenn_harrolds
long term	long_term
charles stanley	charles_stanley
ivan pavlov	ivan_pavlov
cassie brown	cassie_brown
marie vidailhet	marie_vidailhet
prof phillippe damier	prof_phillippe_damier
st thomas	st_thomas
madame bovary	madame_bovary
ayn rand	ayn_rand
jokey smurf	jokey_smurf
bletchley park	bletchley_park
sir isaac newton	sir_isaac_newton
roger federer	roger_federer
brave new world	brave_new_world
aldous huxley	aldous_huxley
johny vegas	johny_vegas
anya kimlin wynter	anya_kimlin_wynter
jim morrison	jim_morrison
tina b	tina_b
doug pagitt	doug_pagitt
patti smith	patti_smith
conor oberst	conor_oberst
richard dreyfuss	richard_dreyfuss
vitamin b5	vitamin_b5
olivia colman	olivia_colman
julian barratt	julian_barratt
daniel rigby	daniel_rigby
will sharpe	will_sharpe
beau geste	beau_geste
sydney pollak	sydney_pollak
gig young	gig_young
susannah york	susannah_york
bonnie bedelia	bonnie_bedelia
david haller	david_haller
body dysmorphia	body_dysmorphia
mandy saligari	mandy_saligari
stan collymore	stan_collymore
antonia hatzfeldt	antonia_hatzfeldt
peppa pig	peppa_pig
paul hogan	paul_hogan
subtract zyprexa	subtract_zyprexa
achilles heel	achilles_heel
george macdonald	george_macdonald
jasmin collier	jasmin_collier
keith urban	keith_urban
nicole kidmans	nicole_kidmans
stevie wonder	stevie_wonder
sophie spooner	sophie_spooner
laurel spooner	laurel_spooner
louise freeman	louise_freeman
richard harding	richard_harding
anna rowland	anna_rowland
tim robbins	tim_robbins
paul mspurple	paul_mspurple
farouk farouk	farouk_farouk
jean nidetch	jean_nidetch
billy joel	billy_joel
rachel platten	rachel_platten
samen sterk	samen_sterk
stephen arterburn	stephen_arterburn
robert jones	robert_jones
clint paddison	clint_paddison
endo belly	endo_belly
joseph stalin	joseph_stalin
edward bullmore	edward_bullmore
brian barr	brian_barr
rheumatoid disease	rheumatoid_disease
jane austin	jane_austin
han solo	han_solo
relvar ellipta	relvar_ellipta
elhers danlos syndrome	elhers_danlos_syndrome
martin hoopers	martin_hoopers
david rosenfelt	david_rosenfelt
tom cochrane	tom_cochrane
harold hurtig	harold_hurtig
matthew menza	matthew_menza
owen wilson	owen_wilson
wade barrett	wade_barrett
twin peaks	twin_peaks
schizoid disorders	schizoid_disorders
squatty potty	squatty_potty
george mylne	george_mylne
lord byron	lord_byron
nina sarai	nina_sarai
ketan aggarwal	ketan_aggarwal
nicola mclean	nicola_mclean
nicola mclean	nicola_mclean
daily star	daily_star
stephen astbury	stephen_astbury
downton abbey	downton_abbey
cotswold road	cotswold_road
harold wood	harold_wood
london tw11	london_tw11
leo rojas	leo_rojas
mandy peps	mandy_peps
bandit ca	bandit_ca
greta van fleet	greta_van_fleet
mourn joe nicolosi	mourn_joe_nicolosi
major depresive disorder	major_depresive_disorder
cervical dystonia	cervical_dystonia
civil war	civil_war
andy pudicomb	andy_pudicomb
big brother	big_brother
stevie nicks	stevie_nicks
blane levine	blane_levine
lady gaga	lady_gaga
brooke shields	brooke_shields
judi dench	judi_dench
broda barnes	broda_barnes
max lucado	max_lucado
greg baugues	greg_baugues
tashu tashu	tashu_tashu
joseph goldstein	joseph_goldstein
post op	post_op
lucian hodoboc	lucian_hodoboc
dave carter	dave_carter
sophie lana	sophie_lana
bertram ruttenberg	bertram_ruttenberg
lee dante	lee_dante
steve brule	steve_brule
paul heaton	paul_heaton
jacqui abbot	jacqui_abbot
roger miller	roger_miller
addisons disease	addisons_disease
rajeshree nundall	rajeshree_nundall
eric de bisschop	eric_de_bisschop
de bisschop	de_bisschop
stephen ilardi	stephen_ilardi
charlie sheen	charlie_sheen
james hamilton	james_hamilton
john bradford	john_bradford
john lewis	john_lewis
amanda lee	amanda_lee
shep nuland	shep_nuland
christine a. padesky	christine_a._padesky
jayne mansfield	jayne_mansfield
richard hammond	richard_hammond
irvine welsh	irvine_welsh
heartburn gerd	heartburn_gerd
stephen m. stahl	stephen_m._stahl
apostle paul	apostle_paul
lizard queen	lizard_queen
coen brothers	coen_brothers
otto warburg	otto_warburg
marcus auerelius	marcus_auerelius
peter louis	peter_louis
stephen carbone	stephen_carbone
john humphrys	john_humphrys
gregory b. sadler	gregory_b._sadler
philp neri	philp_neri
viktor frankie	viktor_frankie
father brown	father_brown
moby dick	moby_dick
tony abbott	tony_abbott
moses ark	moses_ark
mandy grandy	mandy_grandy
kya ebony	kya_ebony
grace kelly	grace_kelly
