pavel mosko	pavel_mosko
saphora japonica	saphora_japonica
opossum racoon	opossum_racoon
aâ changinggood	aâ_changinggood
funnyfrisch ungarisch	funnyfrisch_ungarisch
endofdose 'wearingoff	endofdose_'wearingoff
james4christ 777	james4christ_777
archintmed 20101701996	archintmed_20101701996
evenity romosozumabaqqg	evenity_romosozumabaqqg
feelingnegative thoughtscatastrophic	feelingnegative_thoughtscatastrophic
rotflmaopm jokin	rotflmaopm_jokin
crampsheatcold intoleranceproblemsdizzinessconstipationhaemorrhoidshead	crampsheatcold_intoleranceproblemsdizzinessconstipationhaemorrhoidshead
eyelidsmuscle crampsheatcold	eyelidsmuscle_crampsheatcold
eyesblurred visionnumbness	eyesblurred_visionnumbness
feetpins needlesheavy	feetpins_needlesheavy
ferric carboxymaltose	ferric_carboxymaltose
fitsdry mouthhalitosispoor	fitsdry_mouthhalitosispoor
focusingdrygritty eyesblurred	focusingdrygritty_eyesblurred
lossdry skineczemapsoriasischoking	lossdry_skineczemapsoriasischoking
mouthhalitosispoor focusingdrygritty	mouthhalitosispoor_focusingdrygritty
needlesheavy eyelidsmuscle	needlesheavy_eyelidsmuscle
skineczemapsoriasischoking fitsdry	skineczemapsoriasischoking_fitsdry
thirdeyelash lossdry	thirdeyelash_lossdry
âśtroublesome symptomsâť	âśtroublesome_symptomsâť
heheheheh luckilyyy	heheheheh_luckilyyy
4mglitre 240îľg60ml	4mglitre_240îľg60ml
whipper snapper	whipper_snapper
kristen neff	kristen_neff
wolffia globosa	wolffia_globosa
âśhealth categoryâť	âśhealth_categoryâť
tikka masala	tikka_masala
hehehe rotflmao	hehehe_rotflmao
bacteriabased fungi	bacteriabased_fungi
bandersnatch buster	bandersnatch_buster
costa rica	costa_rica
los angeles	los_angeles
healingsleep frequencyvibration	healingsleep_frequencyvibration
pug squishmallow	pug_squishmallow
myelin sheath	myelin_sheath
chlo hdlfasting	chlo_hdlfasting
forya knowpandemic	forya_knowpandemic
fulltext subheading	fulltext_subheading
pepto bismol	pepto_bismol
subheading androgendependent	subheading_androgendependent
240îľg60ml veterinary	240îľg60ml_veterinary
becky monsoon	becky_monsoon
nitrogen squirter	nitrogen_squirter
oldtime crooner	oldtime_crooner
364 277	364_277
lois lowry	lois_lowry
schneiderman denounces	schneiderman_denounces
epstein barr	epstein_barr
âśhome grownâť	âśhome_grownâť
917 2222	917_2222
janvan winniethepoo	janvan_winniethepoo
765 187883	765_187883
540 551020	540_551020
katharina dalton	katharina_dalton
prem rawat	prem_rawat
072 0171	072_0171
1310 3102050	1310_3102050
bureaucratic footdragging	bureaucratic_footdragging
systemwhereas hereapart	systemwhereas_hereapart
microsoft oracle	microsoft_oracle
500k 1m	500k_1m
322 188318	322_188318
sergey brin	sergey_brin
154 120220	154_120220
334dihydroxyphenyllalanine l3hydroxytyrosine	334dihydroxyphenyllalanine_l3hydroxytyrosine
abbott costello	abbott_costello
madeleine mccann	madeleine_mccann
radiant maiden	radiant_maiden
subthalamic nucleus	subthalamic_nucleus
737 732	737_732
damon runyon	damon_runyon
hashish diognosis	hashish_diognosis
globus pallidus	globus_pallidus
004 035494	004_035494
distal hypobradykinesia	distal_hypobradykinesia
hypobradykinesia 16â73	hypobradykinesia_16â73
martyn hooper	martyn_hooper
erythrocyte sedimentation	erythrocyte_sedimentation
117 46204	117_46204
substania nigra	substania_nigra
fanshot vidoes	fanshot_vidoes
âśsafe enoughâť	âśsafe_enoughâť
annoyingly bandy	annoyingly_bandy
alkaline phosphatase	alkaline_phosphatase
devout donothingknownothing	devout_donothingknownothing
infamous nilotinibtasigna	infamous_nilotinibtasigna
0800 917	0800_917
authoreckhart tolle	authoreckhart_tolle
wrapup abovepretty	wrapup_abovepretty
lightning mcqueen	lightning_mcqueen
1250 psat	1250_psat
sheepcoat hmmmagain	sheepcoat_hmmmagain
nicole gcca	nicole_gcca
cerebral palsy	cerebral_palsy
zanaflex tizanidine	zanaflex_tizanidine
meor notbut	meor_notbut
barly ehh	barly_ehh
jolting awakeanxiety	jolting_awakeanxiety
ziggy stardust	ziggy_stardust
izabella wentz	izabella_wentz
kurt vonnegut	kurt_vonnegut
cider vinegar	cider_vinegar
zillion microbiology	zillion_microbiology
abe lincoln	abe_lincoln
shih tzu	shih_tzu
provokes nitric	provokes_nitric
acth stim	acth_stim
restores euthyroidism	restores_euthyroidism
jeez touche	jeez_touche
âśso whatâť	âśso_whatâť
sanjay gupta	sanjay_gupta
cca alb	cca_alb
austin bradford	austin_bradford
fraught duality	fraught_duality
stainless steel	stainless_steel
bullshitter pdp	bullshitter_pdp
trigeminal neuralgia	trigeminal_neuralgia
alb phos	alb_phos
bsh cobalamin	bsh_cobalamin
anaccelerated transit	anaccelerated_transit
centrum medianum	centrum_medianum
right32 centrum	right32_centrum
stutter grimace	stutter_grimace
pneumatic drill	pneumatic_drill
scanner c11	scanner_c11
lamely comical	lamely_comical
035494 creatine	035494_creatine
filial recollection	filial_recollection
shittz creek	shittz_creek
embarks eveyone	embarks_eveyone
doubleblind placebocontrolled	doubleblind_placebocontrolled
msm glucosamine	msm_glucosamine
dana farber	dana_farber
creatine 540	creatine_540
512 348	512_348
platinum platter	platinum_platter
neurogenic bladderutis	neurogenic_bladderutis
lupusuk forumtheyâre	lupusuk_forumtheyâre
bendustamine rituximab	bendustamine_rituximab
sloan kettering	sloan_kettering
amp sims	amp_sims
amine tricyclic	amine_tricyclic
bona fides	bona_fides
cornball bona	cornball_bona
lenticulostriatal domain	lenticulostriatal_domain
downton abbey	downton_abbey
undifferentiated connective	undifferentiated_connective
12525 mgwk	12525_mgwk
ham fisted	ham_fisted
rotator cuff	rotator_cuff
medieval pratice	medieval_pratice
crunchy twiglets	crunchy_twiglets
manure fertiliser	manure_fertiliser
jackalopeofhope lem	jackalopeofhope_lem
bona fide	bona_fide
19th centuryi	19th_centuryi
utis 'blood	utis_'blood
behaviourof oldie	behaviourof_oldie
howie mandel	howie_mandel
voodoo incantation	voodoo_incantation
medicaidmedication debacle	medicaidmedication_debacle
lingual tonsil	lingual_tonsil
prev conv	prev_conv
discontinuation săndrome	discontinuation_săndrome
duke duke	duke_duke
thou shalt	thou_shalt
qi gong	qi_gong
anatomical landmark	anatomical_landmark
nettie err	nettie_err
'blood hierarchy	'blood_hierarchy
bisphosphonates fosamax	bisphosphonates_fosamax
auds exsamplebut	auds_exsamplebut
lacunar infarct	lacunar_infarct
overinhibiting pallidal	overinhibiting_pallidal
restru tions	restru_tions
unchanged240001 distal	unchanged240001_distal
glycemic index	glycemic_index
vito corleone	vito_corleone
industrial pneumatic	industrial_pneumatic
unchanged240001 axial	unchanged240001_axial
freddie krueger	freddie_krueger
justin mason	justin_mason
joe dispenza	joe_dispenza
hpa axis	hpa_axis
cranberry grape	cranberry_grape
san diego	san_diego
frontal lobe	frontal_lobe
freddy krueger	freddy_krueger
purposeto insure	purposeto_insure
20b annually	20b_annually
bil alb	bil_alb
medianum thalamotomy	medianum_thalamotomy
thalamotomy cmt2	thalamotomy_cmt2
molecular mimicry	molecular_mimicry
pratice âśa	pratice_âśa
uberaverage 11000	uberaverage_11000
âśa witchhunt	âśa_witchhunt
filing cabinet	filing_cabinet
carl emerson	carl_emerson
hydrolyse collagen	hydrolyse_collagen
constitutes poetic	constitutes_poetic
intentioned dismissal	intentioned_dismissal
benevolent dictator	benevolent_dictator
au sigma	au_sigma
seaside susie	seaside_susie
hardworking butcher	hardworking_butcher
superangry hulk	superangry_hulk
yayahahaha yayahahaha	yayahahaha_yayahahaha
unprocessed plainly	unprocessed_plainly
sans merci	sans_merci
âśin rangeâť	âśin_rangeâť
san antonio	san_antonio
slippery slope	slippery_slope
malpractice lawsuit	malpractice_lawsuit
237 0115	237_0115
burrowing owl	burrowing_owl
propionate pellet	propionate_pellet
highlevel diplomacy	highlevel_diplomacy
sans dxa	sans_dxa
thusly nelson	thusly_nelson
snuffy myers	snuffy_myers
neural reorganization	neural_reorganization
conical foam	conical_foam
secondhand bookseller	secondhand_bookseller
multinodular goiter	multinodular_goiter
portable heater	portable_heater
banal mediocre	banal_mediocre
polyurethane sp	polyurethane_sp
jonathan harker	jonathan_harker
popeye nownew	popeye_nownew
neural reorganisation	neural_reorganisation
pooh cadre	pooh_cadre
1838 05	1838_05
cpr 170	cpr_170
1284 08	1284_08
anyi 'd	anyi_'d
pencil sharpener	pencil_sharpener
farther afield	farther_afield
dutch doubleblind	dutch_doubleblind
noâs hoax	noâs_hoax
calisthenics twiceweek	calisthenics_twiceweek
glastonbury footage	glastonbury_footage
megastory distil	megastory_distil
reshape applicator	reshape_applicator
mumâs legacy	mumâs_legacy
nitrous oxide	nitrous_oxide
sally pacholok	sally_pacholok
ttg iga	ttg_iga
coarse grit	coarse_grit
jonathan walkerin	jonathan_walkerin
publicâť animate	publicâť_animate
memorial sloan	memorial_sloan
benserazide hydrochloride	benserazide_hydrochloride
rudolphâs fart	rudolphâs_fart
grassy pellet	grassy_pellet
plausible deniability	plausible_deniability
doubleblind crossover	doubleblind_crossover
rsh1 explaination	rsh1_explaination
belle dame	belle_dame
pallidus gpi	pallidus_gpi
ue na	ue_na
lncap 104r2	lncap_104r2
nucleus stn	nucleus_stn
'exogenous subclinical	'exogenous_subclinical
lakeland florida	lakeland_florida
mamma mia	mamma_mia
convention wherein	convention_wherein
keatsâs knight	keatsâs_knight
walton liverpool	walton_liverpool
subsaharan african	subsaharan_african
cand d1	cand_d1
furry tyrant	furry_tyrant
'steroid rosacea	'steroid_rosacea
matt hancock	matt_hancock
synthetically derive	synthetically_derive
4565 bpm	4565_bpm
fullblown addison	fullblown_addison
iritis glaucoma	iritis_glaucoma
recurrent pericarditis	recurrent_pericarditis
zealand dermatological	zealand_dermatological
diy fingerpick	diy_fingerpick
eagle munch	eagle_munch
nitric oxide	nitric_oxide
tai chi	tai_chi
brittle haireyebrow	brittle_haireyebrow
spends 20b	spends_20b
electricity sergey	electricity_sergey
silk purse	silk_purse
minuscule droplet	minuscule_droplet
delta ligand	delta_ligand
fisted phlebotomist	fisted_phlebotomist
autodafă parlepark	autodafă_parlepark
ulcerative colitis	ulcerative_colitis
ohour hamburger	ohour_hamburger
ohi ohi	ohi_ohi
pulmonary embolism	pulmonary_embolism
hiatus hernia	hiatus_hernia
ca cca	ca_cca
frank darabont	frank_darabont
mumble twerp	mumble_twerp
evoke beware	evoke_beware
outer thirdeyelash	outer_thirdeyelash
liebowitz snuffy	liebowitz_snuffy
ml diazepan	ml_diazepan
'an adrenalin	'an_adrenalin
predominantly akin	predominantly_akin
infrared sauna	infrared_sauna
tingly hypersensitive	tingly_hypersensitive
oldie youngster	oldie_youngster
75000 100000	75000_100000
morbidly obese	morbidly_obese
303 nmoll	303_nmoll
phlebotomy dept	phlebotomy_dept
'steroid spar	'steroid_spar
needlessly snarky	needlessly_snarky
cryogenic probe	cryogenic_probe
alicia xxâť	alicia_xxâť
fowl owl	fowl_owl
oculus quest	oculus_quest
quantum physic	quantum_physic
phos alp	phos_alp
dietswallowing countless	dietswallowing_countless
socialize thirdpartypayer	socialize_thirdpartypayer
ultramodern operating	ultramodern_operating
'soft soap	'soft_soap
marinara sauce	marinara_sauce
sabretoothed tiger	sabretoothed_tiger
veterinary supplier	veterinary_supplier
followup appointement	followup_appointement
hiya nettie	hiya_nettie
bing crosby	bing_crosby
vaccinate ambulant	vaccinate_ambulant
soandso howie	soandso_howie
washer dryer	washer_dryer
simplistic megastory	simplistic_megastory
1965 sir	1965_sir
lethargic encephalitis	lethargic_encephalitis
spectacularly unsuccessful	spectacularly_unsuccessful
columbus ohio	columbus_ohio
ye olde	ye_olde
availability heuristic	availability_heuristic
temporal arteritis	temporal_arteritis
barrington declaration	barrington_declaration
elaine moore	elaine_moore
âśrecycleâť truck	âśrecycleâť_truck
thalamocortical dynamic	thalamocortical_dynamic
patrick turner	patrick_turner
antithyroid peroxidase	antithyroid_peroxidase
gloved waitrose	gloved_waitrose
est veritas	est_veritas
amantadine neupro	amantadine_neupro
synthroid hmmmmm	synthroid_hmmmmm
approximately 100îľg	approximately_100îľg
îľgkgday approximately	îľgkgday_approximately
entacapone inhibits	entacapone_inhibits
peanut mmâs	peanut_mmâs
credible documentation	credible_documentation
litigation liability	litigation_liability
wveyhh th	wveyhh_th
sigmaarcher au	sigmaarcher_au
leak mitral	leak_mitral
wretched arthritic	wretched_arthritic
vice versa	vice_versa
artificial sweetener	artificial_sweetener
40ngml 100nmol	40ngml_100nmol
intensely computeraided	intensely_computeraided
'barely restrain	'barely_restrain
jack squati	jack_squati
de novo	de_novo
ip holder	ip_holder
gastro enterologist	gastro_enterologist
momentarily robert	momentarily_robert
oneoff hay	oneoff_hay
unrealistic yesfor	unrealistic_yesfor
quincy jones	quincy_jones
county burrough	county_burrough
australian aborigine	australian_aborigine
battery commerciali	battery_commerciali
ketchup bacon	ketchup_bacon
3basic rebound	3basic_rebound
boo hiss	boo_hiss
wikipedia adherent	wikipedia_adherent
guaranteed repeatability	guaranteed_repeatability
sir austin	sir_austin
anosmia rem	anosmia_rem
consumer backlash	consumer_backlash
walnut whip	walnut_whip
nobel prize	nobel_prize
smoky bacon	smoky_bacon
retirememt saving	retirememt_saving
83 increased240001	83_increased240001
versus 113	versus_113
bbff âťâťďźâť	bbff_âťâťďźâť
derange autoimmunity	derange_autoimmunity
urea creatinine	urea_creatinine
antipharma narrative	antipharma_narrative
deadly ilnesses	deadly_ilnesses
solely bacteriabased	solely_bacteriabased
jar clearance	jar_clearance
nicely mystic	nicely_mystic
jermey walker	jermey_walker
115 0115	115_0115
setitandforgetit recipe	setitandforgetit_recipe
bumper crop	bumper_crop
la vie	la_vie
marty hinz	marty_hinz
foam applicator	foam_applicator
mechanical stopgap	mechanical_stopgap
musical sensibility	musical_sensibility
duct tape	duct_tape
innovative notyetavailable	innovative_notyetavailable
mitral valve	mitral_valve
droplet expel	droplet_expel
mayonnaise jar	mayonnaise_jar
region naaaa	region_naaaa
prevalent contaminant	prevalent_contaminant
soviet union	soviet_union
warrior deathpale	warrior_deathpale
inexpensive webcam	inexpensive_webcam
pallidal output	pallidal_output
harry potter	harry_potter
00043 fyi	00043_fyi
clipper yorkshire	clipper_yorkshire
sterilize instrument	sterilize_instrument
todd robinson	todd_robinson
mot certificate	mot_certificate
shaky flulikeand	shaky_flulikeand
bluebay meowmy	bluebay_meowmy
fundamentally curative	fundamentally_curative
potter audiobooks	potter_audiobooks
endpoint dana	endpoint_dana
compete vested	compete_vested
atrial fibrillation	atrial_fibrillation
dame sans	dame_sans
nucca chiropractor	nucca_chiropractor
inanimate object	inanimate_object
25100 ir	25100_ir
1000mg largininine	1000mg_largininine
largininine 1000mg	largininine_1000mg
electric moped	electric_moped
broad pipeline	broad_pipeline
pln rt	pln_rt
rabbit opossum	rabbit_opossum
clumsy oaf	clumsy_oaf
roller coaster	roller_coaster
hasty retreat	hasty_retreat
informative videothough	informative_videothough
âfitâ stool	âfitâ_stool
theremin outro	theremin_outro
operating theater	operating_theater
compression stocking	compression_stocking
unwitting guinea	unwitting_guinea
binding globulin	binding_globulin
chick flick	chick_flick
bilateral ptt15	bilateral_ptt15
herd evenity	herd_evenity
bradicinesia rigidity	bradicinesia_rigidity
increased240001 rigidity	increased240001_rigidity
rheumieâs secretary	rheumieâs_secretary
rigidity 8â	rigidity_8â
thy piety	thy_piety
resident dj	resident_dj
lyrical passage	lyrical_passage
tyrell 1998	tyrell_1998
irreversible pptfus	irreversible_pptfus
sacd sub	sacd_sub
selenium foran	selenium_foran
drool urinary	drool_urinary
elucidate bilateral	elucidate_bilateral
amy myers	amy_myers
biomedical engineer	biomedical_engineer
jack russell	jack_russell
counterpoint jp	counterpoint_jp
coq10 becuase	coq10_becuase
oops whadda	oops_whadda
chickpea flour	chickpea_flour
vestibular rehabilitation	vestibular_rehabilitation
unilateral 100k	unilateral_100k
quietly withdraws	quietly_withdraws
proton pump	proton_pump
longtailed rat	longtailed_rat
glutenfree granola	glutenfree_granola
align neatly	align_neatly
jane pauley	jane_pauley
duck epoples	duck_epoples
027 42	027_42
goodnight shhh	goodnight_shhh
ty winnie	ty_winnie
659 467	659_467
nhsx empower	nhsx_empower
'the hots	'the_hots
gervais fked	gervais_fked
tumble dryer	tumble_dryer
warrior scotty	warrior_scotty
alb alp	alb_alp
guernsey cow	guernsey_cow
